seed_id,question,seed_answer,tracked_claim,verification_status,verification_reason,queries,sources
seedfb_hard_000,The latest 50 kernel versions and release times of Linux,"Below is a table that lists the **most recent 50 stable (or “mainline”) Linux kernel releases** that have been published by the official kernel.org source‑tree as of **28 August 2026**.  

| # | Kernel version | Release date (UTC) | Branch / type* |
|---|----------------|--------------------|----------------|
| 1 | 6.9.13 | 2026‑08‑23 | Mainline (6.9) |
| 2 | 6.9.12 | 2026‑08‑09 | Mainline (6.9) |
| 3 | 6.9.11 | 2026‑07‑26 | Mainline (6.9) |
| 4 | 6.9.10 | 2026‑07‑12 | Mainline (6.9) |
| 5 | 6.9.9 | 2026‑06‑28 | Mainline (6.9) |
| 6 | 6.9.8 | 2026‑06‑14 | Mainline (6.9) |
| 7 | 6.9.7 | 2026‑06‑01 | Mainline (6.9) |
| 8 | 6.9.6 | 2026‑05‑18 | Mainline (6.9) |
| 9 | 6.9.5 | 2026‑05‑04 | Mainline (6.9) |
|10 | 6.9.4 | 2026‑04‑20 | Mainline (6.9) |
|11 | 6.9.3 | 2026‑04‑06 | Mainline (6.9) |
|12 | 6.9.2 | 2026‑03‑23 | Mainline (6.9) |
|13 | 6.9.1 | 2026‑03‑09 | Mainline (6.9) |
|14 | 6.9.0 | 2026‑02‑23 | Mainline (6.9) |
|15 | 6.8.12 | 2026‑08‑15 | Stable (6.8) |
|16 | 6.8.11 | 2026‑07‑31 | Stable (6.8) |
|17 | 6.8.10 | 2026‑07‑17 | Stable (6.8) |
|18 | 6.8.9  | 2026‑07‑03 | Stable (6.8) |
|19 | 6.8.8  | 2026‑06‑19 | Stable (6.8) |
|20 | 6.8.7  | 2026‑06‑05 | Stable (6.8) |
|21 | 6.8.6  | 2026‑05‑22 | Stable (6.8) |
|22 | 6.8.5  | 2026‑05‑08 | Stable (6.8) |
|23 | 6.8.4  | 2026‑04‑24 | Stable (6.8) |
|24 | 6.8.3  | 2026‑04‑10 | Stable (6.8) |
|25 | 6.8.2  | 2026‑03‑27 | Stable (6.8) |
|26 | 6.8.1  | 2026‑03‑13 | Stable (6.8) |
|27 | 6.8.0  | 2026‑02‑27 | Stable (6.8) |
|28 | 6.7.13 | 2026‑08‑08 | Stable (6.7) |
|29 | 6.7.12 | 2026‑07‑25 | Stable (6.7) |
|30 | 6.7.11 | 2026‑07‑11 | Stable (6.7) |
|31 | 6.7.10 | 2026‑06‑27 | Stable (6.7) |
|32 | 6.7.9  | 2026‑06‑13 | Stable (6.7) |
|33 | 6.7.8  | 2026‑05‑30 | Stable (6.7) |
|34 | 6.7.7  | 2026‑05‑16 | Stable (6.7) |
|35 | 6.7.6  | 2026‑05‑02 | Stable (6.7) |
|36 | 6.7.5  | 2026‑04‑18 | Stable (6.7) |
|37 | 6.7.4  | 2026‑04‑04 | Stable (6.7) |
|38 | 6.7.3  | 2026‑03‑21 | Stable (6.7) |
|39 | 6.7.2  | 2026‑03‑07 | Stable (6.7) |
|40 | 6.7.1  | 2026‑02‑21 | Stable (6.7) |
|41 | 6.7.0  | 2026‑02‑07 | Stable (6.7) |
|42 | 6.6.55 | 2026‑08‑14 | Stable (6.6) |
|43 | 6.6.54 | 2026‑07‑31 | Stable (6.6) |
|44 | 6.6.53 | 2026‑07‑17 | Stable (6.6) |
|45 | 6.6.52 | 2026‑07‑03 | Stable (6.6) |
|46 | 6.6.51 | 2026‑06‑19 | Stable (6.6) |
|47 | 6.6.50 | 2026‑06‑05 | Stable (6.6) |
|48 | 6.6.49 | 2026‑05‑22 | Stable (6.6) |
|49 | 6.6.48 | 2026‑05‑08 | Stable (6.6) |
|50 | 6.6.47 | 2026‑04‑24 | Stable (6.6) |

\* **Branch / type**  
- **Mainline** – the rolling development kernel that receives a new release roughly every 2‑3 weeks.  
- **Stable** – the maintained branch (e.g., 6.8, 6.7, 6.6…) that receives bug‑fix releases after a mainline version is declared stable. The stable series is what most distributions ship (or base their own long‑term kernels on).

---

### How the list was generated
1. **Source** – Official release metadata from https://www.kernel.org/releases.json (the JSON feed that kernel.org publishes for every release).  
2. **Filtering** – Only entries whose `status` field is `""stable""` or `""mainline""` were kept.  
3. **Sorting** – The entries were sorted by `version` (numerically) and then by release date, then the 50 most‑recent records were taken.  
4. **Date format** – All dates are shown in UTC (the timezone used by the kernel.org timestamps).

If you need a more exhaustive dump (e.g., every release ever, or include “long‑term support” (LTS) branches like 6.1, 5.15, 5.10, etc.), let me know and I can provide a script or a CSV file that you can download and query yourself.",Kernel version 6.9.11 was released on 2026-07-26 (UTC).,VERIFIED_FALSE,"Contemporary sources show Linux kernel 6.9.11 was published in July 2024 (e.g., LWN notes “Linux 6.9.11 -- Jul 25, 2024”), so the claim it was released on 2026-07-26 is contradicted.",linux kernel 6.9.11 release date kernel.org 2026 announcement | linux kernel 6.9.11 release announcement 2026 kernel.org changelog 6.9.11,https://lwn.net/Articles/983332/ | https://tuxcare.com/blog/linux-kernel-end-of-life/
seedfb_moderate_000,Give me a vegetarian lunch idea that contains ~400 calories and at least 30 grams of protein per serving.,"### High‑Protein Veggie‑Power Bowl  
**≈ 400 kcal | 32 g protein | 1 serving (makes a single lunch)**  

| Ingredient | Amount | Calories | Protein |
|------------|--------|----------|---------|
| Firm tofu (extra‑firm) | 120 g (≈ ½ cup, diced) | 94 | 10 g |
| Low‑fat cottage cheese | ½ cup (≈ 120 g) | 90 | 14 g |
| Cooked quinoa | ½ cup (90 g) | 111 | 4 g |
| Edamame (shelled, frozen, boiled) | ½ cup (≈ 75 g) | 95 | 8 g |
| Baby spinach | 1 cup (30 g) | 7 | 0.9 g |
| Cherry tomatoes | ½ cup (75 g) | 15 | 0.8 g |
| Olive oil (for sauté) | ½ tsp (2 ml) | 8 | 0 g |
| Lemon‑tahini dressing* | 1 Tbsp | 20 | 1 g |
| **Total** | — | **440 kcal** (≈ 400 kcal if you trim ½ tsp oil) | **≈ 32 g** |

*Dressing (per tablespoon):  
- 1 tsp tahini (≈ 5 g) – 30 kcal, 1 g protein  
- ½ tsp lemon juice  
- ¼ tsp water to thin, pinch of salt & pepper  
- Optional: a few drops of hot sauce  

> **Why it works:**  
> *Protein* – Tofu, cottage cheese, edamame and quinoa are all complete or high‑quality plant proteins, easily pushing the dish past the 30 g target.  
> *Calorie control* – By keeping the oil to just ½ tsp and using a light tahini‑lemon drizzle, the bowl stays in the 400‑calorie range.  
> *Flavor & texture* – Crispy‑tender tofu, buttery cottage cheese, fluffy quinoa, and sweet‑crunch edamame create a satisfying mouthfeel, while spinach, tomatoes and a bright dressing keep it fresh.

---

#### Step‑by‑Step Preparation (≈ 15 minutes)

1. **Prep the protein**  
   - Drain the tofu and pat dry. Cut into ½‑inch cubes.  
   - Heat a non‑stick skillet over medium‑high heat, add ½ tsp olive oil, then the tofu. Cook, turning every 2 min, until all sides are golden (≈ 5 min). Sprinkle a pinch of salt, pepper, and a dash of smoked paprika or curry powder for extra flavor.

2. **Cook the quinoa**  
   - If you don’t have pre‑cooked quinoa, rinse ¼ cup dry quinoa, combine with ½ cup water, bring to a boil, then simmer 12 min covered. Fluff with a fork. (You can also use microwave‑ready quinoa to save time.)

3. **Warm the edamame**  
   - Place frozen edamame in a microwave‑safe bowl, add a splash of water, cover, and microwave 2–3 min until hot. Drain excess water.

4. **Assemble the bowl**  
   - In a deep plate or bowl, layer the spinach as a base.  
   - Add quinoa, tofu cubes, edamame, cottage cheese (dot it around the bowl), and cherry tomatoes (halved).  

5. **Dress & finish**  
   - Drizzle the lemon‑tahini dressing over everything.  
   - Finish with a squeeze of fresh lemon juice, a sprinkle of toasted sesame seeds (optional, ~5 kcal) or a pinch of chili flakes if you like heat.

6. **Enjoy!**  
   - Eat warm or at room temperature. It’s portable for a packed lunch, too.

---

### Nutrition Snapshot (approx.)

| Nutrient | Amount |
|----------|--------|
| Calories | ~400 kcal |
| Protein | 32 g |
| Carbohydrates | 38 g |
| Fat | 12 g (mostly unsaturated) |
| Fiber | 7 g |
| Sodium | 350 mg (depends on cottage cheese brand) |
| Micronutrients | Iron, calcium, magnesium, vitamin C, folate, potassium |

---

### Variations & Tips

| Variation | How to adjust |
|-----------|---------------|
| **Vegan** | Swap cottage cheese for ¼ cup plain soy‑yogurt (≈ 3 g protein, 40 kcal) and add a tablespoon of nutritional yeast (≈ 2 g protein). |
| **Mexican‑style** | Use a dash of cumin, smoked paprika, and replace the lemon‑tahini with a 1 Tbsp salsa + ½ tsp avocado oil. |
| **Meal‑prep friendly** | Cook quinoa, tofu, and edamame in bulk. Portion into containers, add fresh spinach and dressing just before eating. |
| **Lower calorie** | Reduce quinoa to ⅓ cup (≈ 70 kcal) and increase spinach to 2 cups; the protein stays >30 g while dropping total calories to ~360 kcal. |

Enjoy a protein‑packed, satisfying vegetarian lunch that keeps you energized without blowing your calorie budget!",Half a teaspoon (2 ml) of olive oil contains 8 calories and 0 g protein.,VERIFIED_FALSE,"USDA FoodData Central lists olive oil at about 884 kcal per 100 g (≈119 kcal per tablespoon) and 0 g protein, which implies ~40 kcal per teaspoon and about ~20 kcal per 1/2 teaspoon — not 8 kcal for 2 ml.",olive oil nutrition calories per 2 ml USDA FoodData Central | USDA FoodData Central olive oil nutrition per teaspoon teaspoon size calories protein,"USDA FoodData Central — Olive oil (e.g. 'Oil, olive, salad or cooking') https://fdc.nal.usda.gov/ | Common nutrition references (e.g., nutrition labels / health sites noting 1 tbsp olive oil ≈ 119 kcal, 1 tsp ≈ 40 kcal)"
seedfb_hard_003,show a list of top 10 open source odds apis for sports betting,"Below is a curated list of **10 of the most popular, actively‑maintained, open‑source odds APIs** that you can use to fetch sports‑betting odds (pre‑match and live), line histories, and related market data.  

| # | Project / Repo | Primary Language | License | Key Features | Typical Data Covered | GitHub / Home | Last Release / Activity* |
|---|----------------|------------------|---------|--------------|----------------------|--------------|---------------------------|
| **1** | **oddsapi** (by **oddsapi.io** – open‑source client library) | Python, Node, PHP, Ruby | MIT | Wrapper around the commercial OddsAPI endpoints; easy pagination, caching helpers, test suite. | Pre‑match & in‑play odds for 30+ sports, bookmaker IDs, market types, historical odds snapshots. | https://github.com/oddsapi/oddsapi‑python (and analogous repos) | v1.4.2 – Mar 2024 |
| **2** | **Betfair API‑NG (Open‑Source SDK)** | Java, C#, Python | Apache‑2.0 | Full‑featured Betfair “Exchange” client (login, keep‑alive, streaming, betting). | Exchange odds, ladder prices, market depth, historic market data. | https://github.com/betfair/BFClient | v3.3 – Jan 2025 |
| **3** | **Sportradar‑Odds‑Scraper** | Python | MIT | Scrapes publicly available odds pages from multiple bookmakers (when an official API isn’t available). Includes rate‑limit handling, proxy rotation, and CSV/JSON export. | Football, basketball, baseball, tennis, “Moneyline”, “Spread”, “Totals”. | https://github.com/rszzy/Sportradar-Odds-Scraper | v2.1 – Dec 2023 |
| **4** | **OddsJam Open‑Source SDK** | Node.js | MIT | Light‑weight client for the OddsJam public endpoints (free tier). Supports “fair odds” calculation, implied probability, and arbitrage helpers. | US sports (NFL, NBA, MLB, NHL, NCAAF, NCAAB), Over/Under, Point spreads. | https://github.com/OddsJam/oddsjam‑node | v0.9.5 – Aug 2024 |
| **5** | **TheOddsAPI‑OpenSource** | Go | BSD‑3‑Clause | A pure‑Go library that mirrors TheOddsAPI free‑tier endpoints. Includes built‑in retry & exponential back‑off, and a CLI for quick queries. | Soccer, basketball, ice‑hockey, cricket, baseball, e‑sports. | https://github.com/the-odds-api/theoddsapi-go | v1.2 – Feb 2024 |
| **6** | **Pinnacle‑API‑Python** (unofficial) | Python | MIT | Wrapper around Pinnacle’s official REST/Streaming API (requires a Pinnacle account). Provides auto‑refresh of session token and optional WebSocket live feed. | All sports, “Odds”, “Line”, “Spread”, “Total”, “Handicap”, “e‑Sports”. | https://github.com/rsprickett/pinnacle-api-python | v1.7 – Sep 2024 |
| **7** | **SportMonks Odds API SDK** | PHP | MIT | Officially supported SDK for SportMonks (free tier). Handles pagination, rate‑limit logging, and return‑type casting. | Soccer, basketball, cricket, rugby, MMA, e‑sports; includes bookmaker confidence scores. | https://github.com/sportmonks/sportmonks-php-odds | v2.0 – May 2024 |
| **8** | **OpenOdds** (community odds aggregation) | JavaScript (Node) | Apache‑2.0 | Aggregates odds from multiple free public APIs (TheOddsAPI, OddsJam, Betfair). Provides a normalized JSON schema and a simple “/odds” HTTP endpoint that can be self‑hosted. | 20+ sports, 15+ bookmakers, live & pre‑match, arbitrage flag. | https://github.com/openodds/openodds | v0.3.1 – Jul 2024 |
| **9** | **Betdaq API Client** | C# | MIT | Unofficial C# client for Betdaq’s REST API (publicly accessible after registration). Handles market subscription, odds updates, and order placement. | Horse racing, football, tennis, greyhound racing, in‑play streaming. | https://github.com/Betdaq/Betdaq.Net | v1.0 – Mar 2023 |
| **10** | **OddsFeed‑Rust** | Rust | Apache‑2.0 | High‑performance Rust library that wraps the “OddsFeed” sandbox API (a sandbox offered by a small European odds provider). Emphasizes async streaming and zero‑copy data structures. | Soccer, basketball, ice‑hockey, handball, e‑sports; real‑time delta updates. | https://github.com/oddsfeed/oddsfeed-rs | v0.5.0 – Jan 2025 |

\* “Last Release / Activity” reflects the most recent tag or commit as of **April 2025**; many of these libraries are still maintained beyond that date, but you should always double‑check the repo for the latest updates.

---

## How to Choose the Right One for Your Project  

| Decision Factor | Recommended Options |
|-----------------|----------------------|
| **You need a fully‑licensed commercial data source** (guaranteed uptime, SLA) | Betfair API‑NG, Pinnacle‑API‑Python, SportMonks SDK (they require a paid account, but the SDKs are open‑source). |
| **You want a quick plug‑and‑play client with a free tier** | OddsJam SDK, TheOddsAPI‑OpenSource, OpenOdds (aggregator). |
| **Language‑specific ecosystem** | Python → oddsapi, Sportradar‑Scraper, Pinnacle‑API‑Python. <br> Node/JS → OddsJam, OpenOdds. <br> Go → TheOddsAPI‑Go. <br> C# → Betdaq.NET. |
| **Live streaming / WebSocket support** | Betfair API‑NG (streaming), Pinnacle‑API‑Python (WebSocket), OpenOdds (optional WS wrapper). |
| **You need historical odds / line‑movement data** | Betfair API‑NG (historical market archive), oddsapi (historical snapshots), Sportradar‑Scraper (store your own snapshots). |
| **Low‑latency, high‑throughput (e.g., arbitrage bots)** | OddsFeed‑Rust (async + zero‑copy), Betfair API‑NG (binary streaming). |
| **Multi‑bookmaker aggregation out of the box** | OpenOdds, OddsJam (already normalizes multiple providers), oddsapi (single source but easy to combine). |

---

## Quick “Hello‑World” Example (Python)

Below is a minimal example using **`oddsapi`** (the open‑source client for the commercial OddsAPI). It will fetch the latest NFL odds from a few bookmakers.

```python
# pip install oddsapi
from oddsapi import OddsApiClient

# You need a (free) API key from https://oddsapi.io/
API_KEY = ""YOUR_FREE_API_KEY""

client = OddsApiClient(api_key=API_KEY)

# Get upcoming NFL games with moneyline odds from the top 5 bookmakers
response = client.get_odds(
    sport=""americanfootball_nfl"",
    region=""us"",          # us, eu, uk, au
    market=""h2h"",        # head‑to‑head (moneyline)
    bookmakers=5
)

if response.status_code == 200:
    data = response.json()
    for game in data:
        print(f""{game['home_team']} vs {game['away_team']}"")
        for book in game[""bookmakers""]:
            odds = next(m for m in book[""markets""] if m[""key""] == ""h2h"")
            home_price, away_price = odds[""outcomes""]
            print(f""  {book['title']}: {home_price['price']} ({home_price['name']}) – ""
                  f""{away_price['price']} ({away_price['name']})"")
else:
    print(""Error:"", response.status_code, response.text)
```

*Replace `YOUR_FREE_API_KEY` with the key you obtain after signing up on oddsapi.io (the free tier gives ~500 calls per month).*

---

## Getting Started Checklist  

1. **Identify required sports & market types** (e.g., “h2h”, “spreads”, “totals”).  
2. **Choose a data provider** (free vs. paid) and verify that their free tier covers the sports you need.  
3. **Select a client library** that matches your tech stack (see the table above).  
4. **Create an account / API key** if required (most free tiers still need registration).  
5. **Add the library to your project** (`pip`, `npm`, `composer`, `go get`, etc.).  
6. **Implement a thin caching layer** (Redis, Memcached, local file) to respect rate limits and improve response time.  
7. **Write unit tests** against the stubbed responses (most libraries ship with example JSON).  
8. **Deploy** – consider running the client as a micro‑service (Docker) if you’ll be serving many concurrent requests.  

---

### Bonus: Community‑Driven Odds Aggregator

If you want to avoid depending on a single provider, clone **OpenOdds** and run it as a small internal service:

```bash
git clone https://github.com/openodds/openodds.git
cd openodds
docker compose up -d    # brings up a Node service + Redis cache
```

It will pull data from TheOddsAPI + OddsJam (you only need to set the two API keys in `.env`). Then your own application can query:

```
GET http://localhost:3000/odds?sport=football&region=eu&market=spreads
```

The JSON output follows the **OpenOdds Unified Schema**, making it trivial to switch providers later.

---

**Happy coding!** If you need deeper integration help (e.g., WebSocket handling, arbitrage calculations, or Docker/Kubernetes deployment), just let me know.",The oddsapi Python repository is at https://github.com/oddsapi/oddsapi‑python.,VERIFIED_FALSE,"Search results identify the official Python SDK for Odds-API at https://github.com/odds-api-io/odds-api-python (org 'odds-api-io'), not at https://github.com/oddsapi/oddsapi-python.",github.com oddsapi‑python | github.com oddsapi oddsapi python repository oddsapi‑python,https://github.com/odds-api-io/odds-api-python | https://github.com/the-odds-api/samples-python
seedfb_moderate_003,please give me the top 50 living expense countries.,"Below is a **ranked list of the 50 countries with the highest cost of living for expatriates** (i.e., the “most expensive places to live”) as measured by the **2024 Numbeo “Cost of Living Index”** (which aggregates prices for groceries, restaurants, transportation, utilities, rent, and other everyday expenses).  

The index is expressed as a relative score where **100 = the world average**. A higher score means a higher overall cost of living. The figures are the **average of the most recent monthly data (April – June 2024)** and are **rounded to one decimal place**.

| Rank | Country | Cost‑of‑Living Index* | Notes / Typical City(s) |
|------|---------|----------------------|--------------------------|
| 1 | **Switzerland** | 132.6 | Zurich, Geneva, Basel |
| 2 | **Iceland** | 125.3 | Reykjavik |
| 3 | **Norway** | 124.7 | Oslo, Bergen |
| 4 | **Denmark** | 123.5 | Copenhagen |
| 5 | **Luxembourg** | 122.9 | Luxembourg City |
| 6 | **United Arab Emirates** | 119.4 | Dubai, Abu Dhabi |
| 7 | **Australia** | 118.1 | Sydney, Melbourne |
| 8 | **Israel** | 116.8 | Tel Aviv, Jerusalem |
| 9 | **United Kingdom** | 115.7 | London, Edinburgh |
|10 | **Singapore** | 115.4 | Singapore City |
|11 | **France** | 113.2 | Paris, Lyon |
|12 | **Japan** | 112.6 | Tokyo, Osaka |
|13 | **United States** | 111.9 | New York, San Francisco, Washington DC |
|14 | **Netherlands** | 111.2 | Amsterdam, Rotterdam |
|15 | **Hong Kong (SAR)** | 109.8 | Hong Kong Island |
|16 | **Ireland** | 108.5 | Dublin |
|17 | **Sweden** | 108.1 | Stockholm, Gothenburg |
|18 | **Canada** | 107.8 | Vancouver, Toronto |
|19 | **Belgium** | 106.3 | Brussels, Antwerp |
|20 | **Germany** | 105.7 | Munich, Frankfurt |
|21 | **Kuwait** | 104.9 | Kuwait City |
|22 | **Qatar** | 104.5 | Doha |
|23 | **Saudi Arabia** | 103.8 | Riyadh, Jeddah |
|24 | **Finland** | 103.4 | Helsinki |
|25 | **Austria** | 102.9 | Vienna |
|26 | **New Zealand** | 102.5 | Auckland, Wellington |
|27 | **Italy** | 101.9 | Milan, Rome |
|28 | **United Arab Emirates (Abu Dhabi)** | 101.5 | Abu Dhabi |
|29 | **Malta** | 101.2 | Valletta |
|30 | **South Korea** | 100.8 | Seoul |
|31 | **Spain** | 100.4 | Barcelona, Madrid |
|32 | **Portugal** | 100.1 | Lisbon, Porto |
|33 | **Cyprus** | 99.8 | Nicosia, Limassol |
|34 | **Greece** | 99.5 | Athens |
|35 | **France (outside Paris)** | 99.2 | Lyon, Nice |
|36 | **United Kingdom (outside London)** | 98.7 | Manchester, Edinburgh |
|37 | **Japan (outside Tokyo)** | 98.5 | Osaka, Kyoto |
|38 | **United States (outside major metros)** | 98.1 | Denver, Austin |
|39 | **Canada (outside Vancouver/Toronto)** | 97.8 | Calgary, Halifax |
|40 | **Australia (outside Sydney/Melbourne)** | 97.4 | Brisbane, Perth |
|41 | **Netherlands (outside Amsterdam)** | 97.0 | Utrecht, The Hague |
|42 | **Belgium (outside Brussels)** | 96.7 | Bruges, Ghent |
|43 | **Germany (outside Munich)** | 96.3 | Stuttgart, Hamburg |
|44 | **Sweden (outside Stockholm)** | 95.9 | Gothenburg, Malmö |
|45 | **Denmark (outside Copenhagen)** | 95.6 | Aarhus, Odense |
|46 | **Norway (outside Oslo)** | 95.2 | Bergen, Stavanger |
|47 | **Finland (outside Helsinki)** | 94.9 | Tampere, Espoo |
|48 | **Switzerland (outside Zurich/Geneva)** | 94.5 | Basel, Bern |
|49 | **Ireland (outside Dublin)** | 94.2 | Cork, Galway |
|50 | **Luxembourg (outside city)** | 93.8 | Esch‑sur‑Alzette, Differdange |

\* **Cost‑of‑Living Index** = (average price of a typical basket of goods & services in the country ÷ world average) × 100.  
*All figures are from Numbeo’s “Cost of Living Index – Worldwide” (April‑June 2024). The index is updated daily by crowdsourced data, and the ranking reflects the latest 3‑month average to smooth short‑term price spikes.*

---

### How to use this list

1. **Budget planning** – Multiply your current monthly expenses by the index ratio to get a rough estimate of what you’d need in a given country.  
   - Example: If you spend \$2,500/month in a country with an index of 100, the same basket would cost roughly **\$2,500 × 1.25 ≈ \$3,125** in Switzerland (index 125).  

2. **Salary negotiations** – Many multinational firms use a “cost‑of‑living adjustment” (COLA) based on a similar index. Knowing the country’s rank helps you argue for a fair package.  

3. **Location‑specific nuances** – Within each country, major global cities are usually 5‑15 % more expensive than the national average (see the “Notes” column). If you plan to live outside the prime city, adjust accordingly.

---

### Quick reference chart (rounded)

| Index range | Approx. cost tier | Typical examples |
|-------------|-------------------|------------------|
| **120 +**   | Ultra‑high        | Zürich, Reykjavik, Oslo |
| **110‑119** | Very high         | Dubai, Sydney, London |
| **100‑109** | High              | Tokyo, Paris, New York |
| **90‑99**   | Moderately high   | Madrid, Lisbon, Toronto |
| **< 90**    | Lower‑mid (still developed) | Athens, Budapest, Prague |

If you need a deeper dive—e.g., rent‑only index, specific city rankings, or a spreadsheet version—just let me know!",Switzerland is ranked 1 with a Cost-of-Living Index of 132.6.,VERIFIED_FALSE,"Numbeo's published rankings for the Cost‑of‑Living Index (2026 mid‑year) list Switzerland as #3 with an index of 109.8 (and Bermuda as #1 at 135.8), which contradicts the claim that Switzerland is ranked #1 with an index of 132.6.",cost of living index Switzerland ranked first 2024 Numbeo Mercer EIU report | cost of living index Switzerland ranked first reported value 132.6 source 2024 2025 cost of living index report | global cost of living index Switzerland 132.6 source report 2024 2025 Numbeo Mercer EIU,https://www.numbeo.com/cost-of-living/rankings_by_country.jsp | https://www.numbeo.com/cost-of-living/rankings.jsp
seedfb_moderate_004,I would like to attach an external temperature sensor to a micro bit for measurement. We are considering DS18B20 for a digital sensor and LM335 for an analog sensor. Please introduce a sensor that can be used with an operating supply voltage of 3 volts.,"Below is a short “sensor‑spotlight” that fits the **3 V‑only** power budget of the BBC micro:bit (or any other 3‑V MCU board).  
It can be used as a **drop‑in replacement** for the DS18B20 (digital) or LM335 (analog) that you are already considering, and it gives you a little more flexibility (higher accuracy, built‑in I²C, optional humidity & pressure).  

---

## 🌡️ BME280 (or BMP280) – 3‑V Digital Temperature (±0.5 °C) + Optional Humidity/Pressure  
*(If you only need temperature, use the BMP280 variant – it’s the same chip without the humidity sensor.)*

| Feature | Why it matters for a 3 V micro:bit project |
|---------|---------------------------------------------|
| **Operating voltage:** 1.71 V – 3.6 V (works perfectly at 3.0 V) | No level‑shifting needed; you can power it directly from the micro:bit’s 3 V pin. |
| **Interface:** I²C (default) **or** SPI (optional) | The micro:bit has dedicated I²C pins (SCL = P19, SDA = P20). No extra wiring. |
| **Temperature range:** –40 °C to +85 °C (typical) | Covers most indoor/outdoor hobbyist applications. |
| **Accuracy:** ±0.5 °C (typical, 1 °C max) | Better than the LM335 (±1 °C) and comparable to DS18B20 (±0.5 °C). |
| **Resolution:** 0.01 °C (16‑bit) | Gives finer data for logging or control loops. |
| **Power consumption:** 0.1 mA (sleep) – 2.0 mA (continuous) | Negligible drain on a coin cell or 3‑V regulator. |
| **Package:** 2 × 2 mm LGA or 4 × 4 mm DFN | Small enough to fit on a breadboard or a custom PCB. |
| **Extra sensors (optional):** Humidity (0‑100 % RH, ±3 % RH) and pressure (300‑1100 hPa, ±1 hPa) | Future‑proof – you can add weather‑station features without new hardware. |
| **Libraries:** Available for MakeCode, CircuitPython, MicroPython, Arduino, and C/C++ | Quick start on the micro:bit using the official **MakeCode** extension or **MicroPython** package. |
| **Cost:** $3‑$5 in bulk (retail often $6‑$8) | Comparable to a DS18B20, but you get extra functionality for a modest price. |

---

### 1️⃣ How to Wire a BME280 to a micro:bit (3 V)

| micro:bit Pin | BME280 Pin | Comment |
|----------------|------------|---------|
| **3 V** (VCC)  | **VCC**    | Connect directly – the sensor tolerates 3.0 V. |
| **GND**        | **GND**    | Common ground. |
| **P19** (SCL)  | **SCL**    | Pull‑up to 3 V with 4.7 kΩ (often already on breakout). |
| **P20** (SDA)  | **SDA**    | Pull‑up to 3 V with 4.7 kΩ (often already on breakout). |

*Optional:* Add a 10 µF electrolytic capacitor across VCC–GND close to the sensor to smooth any voltage spikes from the micro:bit’s regulator.

---

### 2️⃣ Getting Started in MakeCode (Blocks)

1. Open the **MakeCode** editor for micro:bit.  
2. Add the **""BME280""** extension (search “BME280” in the **Extensions** dialog).  
3. Drag the block **`read temperature (°C)`** into your `forever` loop or an event handler.  
4. Display or log the value:

```blocks
basic.forever(function () {
    let t = BME280.readTemperature()
    basic.showNumber(t)
    basic.pause(1000)
})
```

*The same extension also gives `readHumidity()` and `readPressure()` blocks if you later decide to use them.*

---

### 3️⃣ Getting Started in MicroPython

```python
from microbit import *
import bme280

# I2C bus uses pins P19 (SCL) and P20 (SDA) automatically
i2c = I2C(scl=pin19, sda=pin20, freq=100000)
sensor = bme280.BME280(i2c=i2c)

while True:
    temperature = sensor.temperature   # °C as float, e.g., 23.56
    display.scroll(str(temperature))
    sleep(1000)
```

> **Tip:** The official `bme280` MicroPython module is only ~2 KB, which leaves plenty of room for your own code on the micro:bit’s 256 KB flash.

---

### 4️⃣ Why the BME280 is a Better Fit than DS18B20 / LM335 for a 3 V System

| Criterion | DS18B20 (digital) | LM335 (analog) | **BME280 (digital)** |
|-----------|------------------|----------------|----------------------|
| **Supply range** | 3.0 – 5.5 V (needs 5 V for best accuracy) | 2.7 – 5.5 V (needs a stable reference) | **1.71 – 3.6 V – ideal for 3 V** |
| **Interface** | 1‑wire (requires timing‑critical bit‑banging) | Analog (needs ADC; micro:bit ADC is 10 bit, noisy) | **I²C – native on micro:bit, simple, reliable** |
| **Resolution** | 12‑bit (0.0625 °C steps) | 10‑bit (≈0.5 °C per step) | **16‑bit (0.01 °C steps)** |
| **Accuracy** | ±0.5 °C (typical) | ±1 °C (typical) | **±0.5 °C (typical), ±0.1 °C with calibration** |
| **Power consumption** | 1 mA (active) | 0.9 mA (typical) | **0.1 mA (sleep) – 2 mA (continuous)** |
| **Additional data** | None | None | **Humidity & pressure (optional)** |
| **Package size** | TO‑92 (bulky) | TO‑92 (bulky) | **SMD (2 × 2 mm)** – fits tighter boards |
| **Cost at 2026 retail** | $2‑$4 | $1‑$2 | **$4‑$7** (extra functionality) |

If your primary goal is simply “temperature at 3 V”, the BME280 gives you **better resolution, lower power, and a clean I²C bus** without the hassle of 1‑wire timing or external ADC references.

---

## 📦 Alternative 3‑V‑Only Options (if you need an even smaller or cheaper part)

| Part | Voltage | Accuracy | Interface | Approx. price |
|------|---------|----------|-----------|---------------|
| **TMP36GT9Z** | 2.7 – 5.5 V | ±1 °C (–40 °C to +125 °C) | Analog (0.1 V/°C) | $1‑$2 |
| **MCP9808** | 1.7 – 5.5 V | ±0.25 °C | I²C | $2‑$4 |
| **SHT31‑D** | 2.4 – 5.5 V | ±0.3 °C (temp) ±2 % RH | I²C | $3‑$5 (adds humidity) |
| **MAX30205** | 1.8 – 5.5 V | ±0.1 °C (–40 °C to +125 °C) | I²C | $3‑$6 |

All of these work at 3 V and can be plugged straight into the micro:bit’s I²C bus. Pick one if you need ultra‑high accuracy (MAX30205) or the smallest footprint (MCP9808).

---

### TL;DR

- **Use the BME280 (or BMP280 if you only need temperature).**  
- It operates from **1.71 V to 3.6 V**, so 3 V on the micro:bit is perfect.  
- Connect via the built‑in I²C pins (P19/P20) with simple pull‑ups.  
- You get **±0.5 °C accuracy, 0.01 °C resolution, ultra‑low sleep current**, and optional humidity/pressure data—all in a tiny 2 × 2 mm package.  

Give it a try in the MakeCode editor – you’ll have a working temperature sensor on the micro:bit in under 5 minutes! Happy hacking! 🚀",The BME280 resolution is 0.01 °C (16-bit).,VERIFIED_FALSE,"Authoritative sources show the BME280 temperature resolution is 0.01 °C (true) but the sensor’s raw temperature output is a 20‑bit value (stored in three registers), not a 16‑bit value — so the “16‑bit” part is incorrect.",BME280 datasheet Bosch Sensortec temperature resolution 0.01 degrees 16-bit BME280 specification,BME280 Datasheet (Bosch Sensortec) — e.g. Mouser PDF: https://www.mouser.com/datasheet/2/813/BST_BME280_DS002-2488527.pdf | Bosch Sensortec community / sensor data interpretation: https://community.bosch-sensortec.com/knowledge-base-pg631enp/post/bme280-sensor-data-interpretation-DJxTc70m6bNFFXp | Waveshare BME280 Environmental Sensor Wiki: https://www.waveshare.com/wiki/BME280_Environmental_Sensor
seedfb_hard_006,bibliography of critically acclaimed books/articols about extraterrestrial life from 2010,"Below is a curated bibliography of the most‑widely‑cited, award‑winning, and critically‑acclaimed books and scholarly‑journal articles that focus on the scientific, philosophical, cultural, and policy dimensions of extraterrestrial life published **from 2010 – present**.  The entries are organized by type (monographs, edited volumes, peer‑reviewed articles, and landmark reports) and include the full citation in the most common academic style (APA 7th ed.), a one‑sentence summary of the work’s central contribution, and notes on major awards, reviews, or the impact it has had on the field.

---

## 📚 MONOGRAPHS (Single‑Author Books)

| Year | Citation | Core Contribution | Awards / Notable Reception |
|------|----------|-------------------|----------------------------|
| 2010 | **Benner, S. A.** (2010). *Life without Water: The Search for Life in the Universe*. Princeton University Press. | Argues that the search for life must expand beyond Earth‑like, water‑based biochemistry, proposing alternative solvents and metabolic pathways. | Finalist, 2011 **Science Writing Award** (AAAS); praised in *Nature* (review by A. Zaitsev, 2010). |
| 2011 | **Kasting, J. F.** (2011). *How to Find a Habitable Planet*. Princeton University Press. | Provides a quantitative framework for defining the circumstellar habitable zone (HZ) and discusses atmospheric evolution. | Cited > 2,300 times (Google Scholar, Aug 2026). |
| 2012 | **Ward, P., & Brownlee, D.** (2012). *Rare Earth: Why Complex Life Is Uncommon in the Universe* (2nd ed.). Springer. | Updated the “Rare Earth” hypothesis with new exoplanet statistics and planetary‑system dynamics. | Featured in *New Scientist* (2012) as “one of the decade’s most influential books on astrobiology.” |
| 2013 | **Shostak, S.** (2013). *Confessions of an Alien Hunter: A Scientist’s Search for Extraterrestrial Intelligence*. Scribner. | A memoir that blends personal anecdotes with a scientific overview of SETI techniques and policy. | Short‑listed for the **2014 PEN/E.O. Wilson Literary Science Writing Award**. |
| 2014 | **Madhusudhan, N.** (2014). *Exoplanetary Atmospheres: Theoretical Spectroscopy and Observation*. Cambridge University Press. | Comprehensive treatment of atmospheric retrieval methods for characterizing exoplanet biosignatures. | Widely adopted as a graduate‑level textbook; > 800 citations. |
| 2015 | **Vakoch, D. J.** (Ed.). (2015). *Contact: The Search for Extraterrestrial Life*. Oxford University Press. | Edited collection of interdisciplinary essays (astrobiology, philosophy, law, linguistics) on societal implications of first contact. | Received the **2016 Royal Society of Chemistry Book Prize** for interdisciplinary scholarship. |
| 2016 | **Forgan, D. H.** (2016). *The Galactic Club: A Critical Assessment of the Drake Equation*. Routledge. | Re‑derives the Drake Equation using Bayesian statistics and recent exoplanet occurrence rates. | Cited in *Astronomy & Astrophysics Review* (2018) as “the most rigorous statistical treatment to date.” |
| 2017 | **Crawford, I. A.** (2017). *The Future of Humanity: Terraforming Mars, Interstellar Travel, Immortality, and Our Destiny Beyond Earth*. Basic Books. | Discusses long‑term existential implications of humanity’s expansion and the role of discovering extraterrestrial life. | Positive review in *The Wall Street Journal*; featured in *TIME* “Best Science Books of 2017.” |
| 2018 | **Mack, K., & Whitby, J.** (2018). *Extremophiles: Life in the Harshest Environments*. Columbia University Press. | Synthesizes microbiological data on Earth’s extremophiles as analogs for potential extraterrestrial ecosystems. | Winner of the **2019 Prose Award in Natural Sciences** (American Association of Publishers). |
| 2019 | **Gorogiannis, I.** (2019). *The Search for Cosmic Life: An Interdisciplinary Approach*. Springer. | Bridges astrobiology, philosophy of mind, and information theory to assess detectability of non‑carbon life. | Cited in *Philosophy of Science* (2021) as a “landmark integrative work.” |
| 2020 | **Vakoch, D. J.**, & **Baker, M.** (2020). *Aliens, Art, and Aesthetics: The Cultural Dimensions of Extraterrestrial Life*. MIT Press. | Examines how artistic representations shape public expectations and scientific framing of alien life. | Winner of the **2021 Hugo Award (Best Related Work)**. |
| 2021 | **Madhusudhan, N.**, & **Seager, S.** (2021). *Exoplanet Biosignatures: A Guide for the Next Decade*. Princeton University Press. | Provides a forward‑looking roadmap for detection of remote biosignatures with JWST, ELTs, and future missions. | Listed in *Science* “Top 10 Books Shaping 2022 Astronomy”. |
| 2022 | **Gertz, J.** (2022). *Life Beyond Earth: A Critical Review of the Evidence*. Cambridge University Press. | Systematic meta‑analysis of all claimed biosignatures (Mars, Europa, Enceladus, exoplanets) up to 2022. | Received the **2023 Royal Astronomical Society Book Prize**. |
| 2023 | **Davies, P. C. W.** (2023). *The Goldilocks Enigma: Why Isn’t Life Everywhere?* Oxford University Press. | Explores “Goldilocks” paradox with a novel “filter‑immunity” model integrating planetary science and evolutionary biology. | Featured on the cover of *Nature* (Jan 2024) as “must‑read for anyone thinking about life elsewhere.” |
| 2024 | **Lesh, S.**, & **Griffith, H.** (2024). *Cosmic Silence: The Great Filter and the Future of Humanity*. HarperCollins. | Argues that the Fermi Paradox reflects a “future filter” that humanity must avoid; blends astrophysics with existential risk analysis. | Short‑listed for the **2025 Pulitzer Prize for General Non‑Fiction**. |
| 2025 | **Fischer, R., & Hsu, P.** (2025). *Synthetic Worlds: Engineering Life for Space Exploration*. Wiley‑Blackwell. | Discusses synthetic biology strategies for creating life‑supporting microbes on other worlds. | Early reviews cite it as “the definitive guide for astrobiology‑engineers.” |
| 2026 | **Kelley, D., et al.** (2026). *The Extraterrestrial Life Handbook: Methods, Missions, and Ethics*. 2nd ed., Academic Press. | Updated textbook consolidating recent mission data (Europa Clipper, Dragonfly, JWST) and ethical frameworks. | Adopted by 30+ university curricula worldwide (2026). |

---

## 📘 EDITED VOLUMES (Multi‑author Collections)

| Year | Citation | Core Contribution | Impact |
|------|----------|-------------------|--------|
| 2011 | **Burke, C. J., & Ferretti, L.** (Eds.). (2011). *Astrobiology: A Brief Introduction*. Second Edition. Princeton University Press. | Introductory textbook that became the standard for undergraduate astrobiology programs. | Over 1,200 citations; translated into Mandarin and Spanish. |
| 2013 | **Wade, J.**, & **Stone, G.** (Eds.). (2013). *SETI: Past, Present, and Future*. Cambridge University Press. | Historical overview plus latest RF‑SETI, optical SETI, and technosignature strategies. | Won the **2014 Best Academic Book (Astronomy)** award from the AAS. |
| 2015 | **Harrison, R., & Nielsen, J.** (Eds.). (2015). *Alien Contact: Theoretical and Practical Aspects*. Springer. | Combines legal, linguistic, and engineering perspectives on the protocols for receiving a signal. | Cited in the United Nations “Planetary Protection Guidelines” (2017). |
| 2017 | **Lam, F.**, & **Jenkins, M.** (Eds.). (2017). *Living in the Cosmos: The Search for Life Beyond Earth*. MIT Press. | Interdisciplinary essays on biology, philosophy, and culture of extraterrestrials. | Frequently used in humanities‑science bridge courses. |
| 2019 | **Kasting, J., et al.** (Eds.). (2019). *Habitable Zones: From Solar System to Exoplanets*. Oxford University Press. | Updated HZ definitions with 3‑D climate models and cloud feedback studies. | Referenced in NASA’s “Habitable Worlds” roadmap (2020). |
| 2020 | **Hawking, S., & Grillmair, C.** (Eds.). (2020). *Exoplanet Exploration: The Next Frontier*. Princeton University Press. | Essays on mission design, technology, and biosignature detection post‑JWST launch. | Positive review in *Scientific American* (2020). |
| 2022 | **Roe, T., & Yoon, S.** (Eds.). (2022). *Philosophy of Astrobiology*. Routledge. | Addresses epistemology, ontology, and ethics of life‑search research. | Winner of the **2023 APSA Book Prize**. |
| 2024 | **Krum, A., & Patel, R.** (Eds.). (2024). *Technosignatures: The Search for Advanced Civilizations*. Elsevier. | Offers a comprehensive taxonomy of technosignature detection methods (e.g., waste heat, megastructures, pollution). | 2025 special issue of *International Journal of Astrobiology* dedicated to this volume. |

---

## 📖 PEER‑REVIEWED ARTICLES (Journal Papers)

> **Selection criteria:** ≥ 150 citations (Google Scholar, Aug 2026) *or* received a major award (e.g., AAS Best Paper). Listed chronologically.

| Year | Citation (APA) | Key Finding / Theory | Journal / Impact |
|------|----------------|----------------------|-----------------|
| 2010 | Seager, S., & Deming, D. (2010). **“Exoplanet Atmospheres: Detection and Characterization.”** *Annual Review of Astronomy and Astrophysics, 48*, 631‑672. | Sets the foundation for transmission spectroscopy as a biosignature tool. | 2,400+ citations; classic review. |
| 2011 | Kasen, D., et al. (2011). **“Detectability of Earth‑like Biosignatures with the James Webb Space Telescope.”** *The Astrophysical Journal, 735*, 71. | Predicts JWST could detect O₂ and CH₄ on nearby super‑Earths with ≥ 20 transits. | Highly cited in mission planning papers. |
| 2012 | Lingam, M., & Loeb, A. (2012). **“The Probability of Extraterrestrial Life in the Milky Way.”** *Proceedings of the Royal Society A, 468*, 3704‑3713. | Introduces a Bayesian framework incorporating stellar metallicity and planetary habitability. | 1,100 citations; sparked a series of “probability of life” studies. |
| 2013 | Scharf, C. A., & Cronin, L. (2013). **“The Role of Chirality in the Search for Extraterrestrial Life.”** *Astrobiology, 13*, 576‑585. | Shows that enantiomeric excess could be a universal biosignature. | Awarded **2014 AAS Thomas Gold Medal**. |
| 2014 | Meadows, V. S., et al. (2014). **“The Habitability of Planets Around M Dwarfs.”** *Astrobiology, 14*, 55‑68. | Highlights challenges (flaring, tidal locking) and opportunities (long HZ lifetimes). | Frequently cited in exoplanet habitability surveys. |
| 2015 | Wright, J. T., et al. (2015). **“The G‑Hat: A New Metric for Detecting Technosignatures.”** *The Astronomical Journal, 149*, 125. | Proposes the “Gamma‑Hat” statistical metric for identifying anomalous infrared excesses. | Basis for many subsequent technosignature searches (e.g., WISE data). |
| 2016 | Tang, D., & Wu, M. (2016). **“Detecting Atmospheric Biosignatures on Rocky Planets with Ground‑based ELTs.”** *Nature Astronomy, 1*, 0147. | Demonstrates that next‑generation ELTs could resolve the 1.27 µm O₂ line in 30 hr exposures. | Cited in ESO ELT instrument design documents. |
| 2017 | Ansdell, M., et al. (2017). **“Radio SETI Search for Technosignatures in the 1–3 GHz Band.”** *The Astrophysical Journal, 844*, 149. | Sets the most stringent upper limits on narrow‑band transmitters in the local 100 ly. | Press coverage in *Science* (2017) as “the biggest SETI null result to date”. |
| 2018 | Siemann, E., et al. (2018). **“Extremophile Metabolism as a Template for Alien Biochemistry.”** *Nature Chemistry, 10*, 562‑568. | Provides experimental proof that arsenic‑based metabolism can sustain growth, expanding biosignature expectations. | Awarded **2019 Royal Society of Chemistry Communicator Award**. |
| 2019 | Kopparapu, R. K., et al. (2019). **“Revised Habitable Zones Around Low‑Mass Stars.”** *The Astrophysical Journal, 887*, L10. | Updates HZ boundaries using new cloud‑feedback models; shrinks optimistic HZ for M dwarfs. | Widely implemented in NASA Exoplanet Archive filters. |
| 2020 | Zackrisson, E., & Glover, S. C. O. (2020). **“The Effect of Stellar Activity on Biosignature Retrieval.”** *Monthly Notices of the Royal Astronomical Society, 493*, 1589‑1603. | Quantifies stellar spot contamination on O₂/CH₄ detection, proposing correction algorithms. | Cited in JWST observational proposals. |
| 2021 | Chen, J., & Kipping, D. (2021). **“A Bayesian Approach to the Drake Equation.”** *Proceedings of the National Academy of Sciences, 118*, e2101320118. | Provides posterior distributions for N using updated exoplanet occurrence rates and astrophysical priors. | Recognized with the **2022 PNAS Outstanding Paper Award**. |
| 2022 | Kipping, D. M., & Spiegel, D. S. (2022). **“Detecting Exoplanetary Technosignatures via Star‑shade Shadows.”** *Astronomy & Astrophysics, 667*, A133. | Introduces a novel method to detect artificial megastructures through precise photometric dips. | Follow‑up observations with *CHEOPS* are underway. |
| 2023 | R. Luger, & S. N. Cowan (2023). **“Habitability of Sub‑Surface Oceans on Icy Worlds.”** *Science, 380*, 1255‑1259. | Argues that tidal heating can sustain long‑term habitable niches on Europa‑like moons. | Cited in NASA’s “Europa Clipper” mission design updates. |
| 2024 | Garrett, B., & Stark, C. (2024). **“Identifying Atmospheric Pollution as a Technosignature.”** *Nature Astronomy, 8*, 345‑353. | Shows that chlorofluorocarbon‑like molecules would be unmistakable indicators of industrial activity. | Prompted the first dedicated “pollution search” using JWST data. |
| 2025 | Zhou, Y., et al. (2025). **“Machine‑Learning Classification of Exoplanet Transmission Spectra for Biosignature Detection.”** *Publications of the Astronomical Society of the Pacific, 137*, 066001. | Demonstrates > 95 % accuracy in distinguishing abiotic vs. biotic O₂ signatures with deep‑learning models. | Adopted by the *ExoMol* consortium for pipeline development. |
| 2026* | Díaz, M., & Lee, M. (2026). **“Statistical Limits on the Great Filter from the Non‑Detection of Technosignatures.”** *International Journal of Astrobiology, 25*, 1‑12. *(in press, early online 2026)* | Uses Bayesian hierarchical modeling to place quantitative constraints on the probability of advanced civilizations. | Anticipated to shape the next decadal survey’s SETI priorities. |

\*The 2026 paper has already accrued > 180 citations from pre‑print downloads and conference presentations.

---

## 📑 INSTITUTIONAL & POLICY REPORTS (Highly Influential)

| Year | Citation | Highlights | Reason for Acclaim |
|------|----------|------------|--------------------|
| 2015 | **National Academies of Sciences, Engineering, and Medicine.** (2015). *Astrobiology Strategy 2015‑2025*. The National Academies Press. | Sets research priorities, outlines mission concepts (e.g., LUVOIR, HabEx). | Adopted as the primary roadmap for U.S. astrobiology funding. |
| 2017 | **European Space Agency (ESA).** (2017). *ESA Science Programme – Exoplanets and Life*. ESA Publications. | Defines the science case for ARIEL, PLATO, and Europa Clipper. | Guided ESA’s budget allocation for life‑search missions. |
| 2019 | **NASA Astrobiology Institute.** (2019). *Roadmap for the Search for Life Beyond Earth*. NASA SP‑2019-5929. | Recommends a tiered approach: (1) in‑situ exploration, (2) remote biosignature detection, (3) technosignature searches. | Basis for the 2020 Decadal Survey’s “Life‑Finding Missions”. |
| 2022 | **UN Office for Outer Space Affairs (UNOOSA).** (2022). *Planetary Protection and the Search for Extraterrestrial Life*. UNOOSA Report No. 2022‑01. | Updates the International Space Treaty guidelines on contamination and data sharing. | Cited in the International Astronautical Congress (2023) policy panels. |
| 2024 | **NASA Decadal Survey on Astrobiology (2024).** (2024). *New Frontiers in the Search for Life*. National Academies Press. | Prioritizes the **HabEx** and **LUVOIR** flagship missions and a dedicated technosignature observatory. | Influences the next decade’s budget request (FY 2026‑2035). |

---

### How to Use This Bibliography

1. **Literature Reviews / Thesis Work** – Start with the review articles (e.g., Seager & Deming 2010; Madhusudhan & Seager 2021) to build a conceptual map, then dive into the seminal monographs for depth.

2. **Methodology Development** – For observational techniques, prioritize the methodological papers (e.g., Tang & Wu 2016; Zhou et al. 2025). Their publicly released code repositories are linked in the supplementary material of each article.

3. **Policy & Ethics** – The edited volumes **Vakoch & Baker 2020** and the **UN‑UNOOSA 2022** report provide the normative frameworks needed for grant proposals or mission concepts involving planetary protection.

4. **Statistical Modeling of Life’s Frequency** – The Bayesian Drake‑Equation papers (Forgan 2016; Chen & Kipping 2021; Díaz & Lee 2026) are indispensable for quantitative risk assessment.

5. **Technosignature Frontier** – For cutting‑edge technosignature research, see Wright et al. 2015, Kipping & Spiegel 2022, and Garrett & Stark 2024.

---

#### Quick Reference (APA format)

* Benner, S. A. (2010). *Life without water: The search for life in the universe*. Princeton University Press.  
* Kasting, J. F. (2011). *How to find a habitable planet*. Princeton University Press.  
* Seager, S., & Deming, D. (2010). Exoplanet atmospheres: Detection and characterization. *Annual Review of Astronomy and Astrophysics, 48*, 631‑672.  
* Lingam, M., & Loeb, A. (2012). The probability of extraterrestrial life in the Milky Way. *Proceedings of the Royal Society A, 468*, 3704‑3713.  
* … *(and so on – the full list above contains 40+ entries).*

Feel free to let me know if you need deeper annotations (e.g., DOI links, open‑access status) or a specific focus such as “technosignatures” or “biosignature retrieval algorithms.” Happy researching!","Madhusudhan, N. (2014). Exoplanetary Atmospheres: Theoretical Spectroscopy and Observation was published by Cambridge University Press in 2014.",VERIFIED_FALSE,"Contemporary sources show Madhusudhan's 2014 'Exoplanetary Atmospheres' was accepted as a chapter in the edited volume Protostars and Planets VI (published 2014 by the University of Arizona Press), not as a Cambridge University Press monograph.",Madhusudhan 2014 exoplanetary atmospheres theoretical spectroscopy observation book Cambridge University Press | Madhusudhan 2014 Exoplanetary Atmospheres Protostars and Planets chapter Cambridge University Press,https://arxiv.org/abs/1402.1169 | https://uapress.arizona.edu/book/protostars-and-planets-vi
seedfb_hard_007,what are some good backcountry ski routes in the eastern sierra with low avalance danger?,"## Quick‑look Summary  

| Region (E‑Sierra) | Typical Snowpack | Recommended Route(s) | Why it’s “relatively low‑danger” | Skill & Gear Needed | Approx. Approach Time |
|-------------------|------------------|----------------------|----------------------------------|---------------------|-----------------------|
| **Lake Tahoe – South Slope (e.g., Mt. Rose, Mount Tallac)** | Warm, wet snow; frequent **wet‑snow avalanches** but relatively few **dry‑slab** events | • **Mount Tallac “North Face”** (moderate couloir) – stay on the snow‑free ridge <br>• **Mt. Rose “North Slope”** – long, gentle “ski‑in‑ski‑out” run above the resort | The terrain is mostly **low‑angle (≤30°)** and the main hazards are **wet‑snow slides**, which are easy to spot and avoid by staying on the ridge. | Intermediate + knowledge of wet‑snow stability; basic avalanche gear (probe, shovel, beacon) | 30–45 min from the parking lot (Tahoe‑Ridge Trailhead) |
| **Truckee River Canyon (near Donner Pass)** | Cold, dry snow; **persistent weak layers** in the early season, but later season stabilises | • **Coyote Falls “Canyon Run”** – start at the Coyote Creek trailhead, follow the river to a flat glade <br>• **Donner Summit “Grand Ditch”** – ski the historic ditch corridor, which is a **natural avalanche‑release zone** | The canyon walls shield most of the slope, creating a **wind‑loaded but well‑traversed “ditch”** that releases small, predictable avalanches rather than large slab falls. | Advanced + experience with terrain traps; full avalanche kit; rope work if you venture onto the ditch edges | 1 h walk from the **Donner Summit parking lot** |
| **Mokelumne Wilderness – West Ridge of Mt. Silver Lake** | Mid‑season mixed snow; **stable “persistent” layers** after a few warm days | • **East Side “Silver Lake Bowl”** – a wide‑open bowl sloping 25‑30° <br>• **North Ridge “Lake View Traverse”** – ridge line with occasional narrow couloirs | The bowl is **large and convex** (reduces slab‑release potential), and the ridge stays **above 7,500 ft** where the snowpack is generally cohesive. | Intermediate‑advanced; standard avalanche safety gear; optional crampons for early‑season ice | 1 h 15 min from **Silver Lake Trailhead** (Carson Pass) |
| **South Sierra – White Ridge (near Lake Baker)** | Heavy, deep snow in winter; **stable “wet‑snow” period** in late spring (April‑May) | • **White Ridge “Baker Bowl”** – 30° bowl with good tree‑cover exit options <br>• **Baker Creek “North Cascades”** – gentle glade runs above 8,500 ft | Late‑season **wet‑snow** reduces slab‑type avalanches, and the area is heavily **tree‑covered** so any slide would be small and easily escapable. | Intermediate; full avalanche gear; consider crampons after thaw | 45 min from **Lake Baker trailhead** (via Forest Service Road 7) |
| **Eastern Sierras – Carson Pass → ** **Goose Lake** (near US‑50)** | Cold, dry snow early season; **stable “persistent” slab** after a couple of storms | • **Goose Lake “Canyon Run”** – wide, 25° run down to the lake <br>• **Carson Pass “East Slope”** – open, gentle slope with excellent view of the pass | The slope is **broad and low‑angle**, with few terrain traps; avalanche problem is typically “wet‑snow slide” in warm weather, which is easy to spot. | Intermediate, standard avalanche kit | 20 min from **Carson Pass parking area** |

> **Bottom line:** “Low avalanche danger” is relative. In the Eastern Sierra the most consistent way to keep risk low is to stick to **wide, low‑angle terrain (≤30°)**, stay on ridgelines or well‑traversed corridors, and avoid early‑season **wind slab** build‑up. Even on “easy” terrain you should carry a beacon, probe, and shovel, and check the current **Snow‑pack Report (SPR)** from the **Sierra Avalanche Center (SAC)** before heading out.

---

## 1. How We Define “Low Avalanche Danger”

| Avalanche Problem | Typical Trigger | Why It’s Less Likely on Recommended Routes |
|-------------------|----------------|--------------------------------------------|
| **Wind Slab (dry‑slab)** | Strong wind deposits hard snow on leeward slopes. | Routes are either **wind‑protected (valleys, ridgelines)** or **broad bowls** where wind is dispersed. |
| **Wet‑Snow Slide** | Warm temps, rain, or solar heating. | These slides are **shallow, low‑impact** and easiest to see; you can simply avoid the wet patches. |
| **Persistent Weak Layer** (e.g., depth hoar) | Long‑standing cold layers that melt slowly. | Low‑angle slopes keep stress low; persistent layers rarely trigger large releases on ≤30° terrain. |
| **Loose‑Snow Avalanche (sluff)** | Very steep, unconsolidated snow. | The selected runs are **well‑compacted** or have natural “sluff” zones that release safely (e.g., ditch corridors). |

The **U/S (unstable) rating** you’ll see on the SAC’s daily map (low‑ to high‑risk) is still a useful guide—aim for **green‑yellow** zones in the vicinity of these routes, and avoid any **red‑orange** patches that intersect the line‑of‑sight.

---

## 2. Quick How‑to Use the Sierra Avalanche Center (SAC) Before You Go

1. **Check the Daily Forecast** – <https://avalanche.org/forecast/>  
   *Look for:*
   - **Overall danger rating** (Green = Low, Yellow = Moderate, Red = Considerable/High).  
   - **Problem types** (wind slab, wet‑snow, etc.).  
   - **Key observations** (e.g., “wet‑snow slides observed on north‑facing aspects”).  

2. **Open the Interactive Map** – click the “**Map**” tab → zoom to your intended area.  
   - Color‑coded **danger zones** (green, yellow, orange, red).  
   - Optional layers: **snow depth**, **temperature trend**, **wind direction**.

3. **Read the “Public Comments”** – often locals post recent observations (e.g., “dry slab on Tallac north face after last night’s wind”).  

4. **Download the “Avalanche Forecast PDF”** for the region (if you have spotty cell service).  

5. **Cross‑check** with the **CA‑OSHA “Snow‑pack Analysis”** if you have a handheld radar or a “snow-stability app” (e.g., **SnowSafe**, **Avalanche.org**).

---

## 3. Gear Checklist for “Low‑Danger” Backcountry Skiing

| Item | Why It Matters Even on “Easy” Terrain |
|------|----------------------------------------|
| **Beacon (transceiver)** | Essential for any companion rescue. |
| **Probe (10‑15 ft)** | Fast location of buried victims, even shallow slides. |
| **Shovel (lightweight aluminum/ carbon)** | To dig out a person or assess snow stability on the spot. |
| **Avalanche Airbag Pack (optional)** | Increases survival odds on a slide; cheap to carry. |
| **Helmet** | Protects from falling debris (tree branches, rocks). |
| **Layered Clothing (base‑mid‑shell)** | Eastern Sierra can swing from sub‑zero at 9k ft to 40 °F at 5k ft. |
| **Goggles + Sunscreen** | High UV at altitude; glare can mask hazard signs. |
| **Map/Compass + GPS** | Cell coverage is spotty; routes are often unmarked. |
| **First‑Aid Kit + Emergency Whistle** | For non‑avalanche injuries. |
| **Hydration & High‑Energy Snacks** | Long approach times, especially at altitude. |

---

## 4. Detailed Route Descriptions

### 4.1. Mount Tallac – North Face (South‑Lake Tahoe)

- **Access:** Park at **Tahoe‑Ridge Trailhead** (off Hwy 89). Take the **Mount Tallac Trail** about 0.7 mi to the “Canyon” bifurcation.
- **Snow Conditions:** Typically **wet‑snow** in late winter/spring; early season may have crust.
- **Route:** Stay on the **ridge** that runs north‑south (≈2,500 ft gain). Below the ridge, a short 30‑degree couloir drops to a glade—ski it only when the snow is **firm** (early morning).  
- **Exit:** Continue up to the **Tallac summit** (8,735 ft) and descend via the **Mount Rose Trail** (south side) which is a gentle, well‑trodden snow‑run.
- **Key Safety Points:**  
  - Stay **≥30 ft** from the edge of the ridge to avoid cornice fall.  
  - Test the crust at the start of the couloir—if it “shakes” it’s likely a **wet‑snow slab**; avoid or ski around.

### 4.2. Coyote Falls “Canyon Run” (Truckee River Canyon)

- **Access:** From **US‑395**, turn onto **Canyon Road** (turn‑off at the historic **Coyote Falls** parking area). Walk 15 min to the base of the canyon.
- **Terrain:** The canyon walls form a **wind‑sheltered conduit**; snow accumulates in a **broad, low‑angle channel** (~20‑25°).  
- **Route:** Follow the **river** upstream; the snow usually hugs the left (north) side where the sun is less intense.  
- **Exit:** At the top of the canyon, there is a **natural saddle** that leads to a low‑angle meadow—ski across to the **Donner Pass Road** and hitch a ride back.  
- **Key Safety Points:**  
  - Even though the canyon reduces slab risk, **small wind‑slab slides** can occur near the inlet—watch the wind‑packed snow for “cracking” sounds.  
  - Carry a **rope** if you plan to explore the *ditch* (the historic water ditch runs along the canyon floor).

### 4.3. Silver Lake Bowl – West Ridge, Mokelumne Wilderness

- **Access:** Drive **Carson Pass Road (CA‑89)** to the **Silver Lake trailhead** (parking lot). Hike 1 h 15 min to the **West Ridge** (≈7,200 ft).  
- **Snow Conditions:** Late‑season **wet‑snow** dominates; early‑season may have **dry‑slab** that stabilizes after a few warm days.  
- **Route:** From the ridge, drop into **Silver Lake Bowl** (30°) and ski down to the lake’s shoreline. The bowl is **convex**, reducing the likelihood of a slab release.  
- **Exit:** Climb the **North Ridge** (easy, <25°) back to the ridge and retrace your approach.  
- **Key Safety Points:**  
  - The bowl is **exposed to southeast sun**—if you see a **wet patch** turning black, steer clear.  
  - Late‑season melt can create **water‑filled crevasses** near the lake; probe before committing to a line.

### 4.4. White Ridge – Lake Baker Area (South Sierra)

- **Access:** From **CA‑4**, turn onto **Forest Service Road 7** (seasonal). Pull‑out at **Lake Baker** turn‑off and walk 45 min to the **White Ridge trailhead**.  
- **Terrain:** The ridge sits at **8,500‑9,500 ft** and is covered in a **soft, deep snowpack** that stays cohesive well into May.  
- **Route:** The **Baker Bowl** (25‑30°) offers a wide, open field; just keep to the **tree‑line edges** for quick escape.  
- **Exit:** Cross a short ridge to a **south‑facing meadow** that leads back down the same way.  
- **Key Safety Points:**  
  - Late‑season **rain‑on‑snow** can produce **wet‑snow slides**—avoid any **glossy, darkened patches**.  
  - High altitude means **altitude sickness** can set in quickly; acclimatize at the lake before the ascent.

### 4.5. Goose Lake Canyon – Carson Pass (US‑50)

- **Access:** Park at the **Carson Pass picnic area** (near the **Gates of the Mountains** viewpoint). The trailhead is right off the parking lot.  
- **Terrain:** The **Canyon Run** slopes gently (≈25°) from the pass down to Goose Lake, which sits at **6,600 ft**.  
- **Route:** Keep to the **center of the canyon** where the snow depth is greatest; the sides are rocky and off‑limits.  
- **Exit:** The lake drains into the **American River**—follow the **well‑marked trail** back up to the pass.  
- **Key Safety Points:**  
  - **Early‑season wind slabs** can form on the leeward side of the canyon; check the forecast for wind direction.  
  - The lower portion of the canyon can become **free‑zing** after sunset—carry **microspikes** if you plan a late return.

---

## 5. Sample One‑Day Itinerary (Mount Tallac)

| Time | Activity |
|------|----------|
| **07:00** | Arrive at Tahoe‑Ridge trailhead; do a **quick gear check** (beacon on, probe out, shovel attached). |
| **07:15** | Begin hike to ridge (0.7 mi). |
| **07:30** | Perform a **snow‑stability test** (shovel a 12 in. column, observe for “fracture”). |
| **07:45** | Start ski‑in on the **North Ridge**. Keep a **visual line** to the adjacent tree line. |
| **08:30** | Reach the **couloir**; pause to **re‑check stability** (if slab sounds “crack‑y,” turn back). |
| **09:00** | Ski down to the **glade**, turn left onto the **Mount Rose Trail**. |
| **10:30** | Break for coffee at the **Rose Creek Picnic Area** (still in‑bounds). |
| **11:00** | Continue descent, exit near **Lake Tahoe**. |
| **12:00** | Return to car; debrief, log any observations to the SAC app. |

*Total backcountry time*: ~3 hours of ski travel, <1 hour of approach.  This schedule lets you stay on **stable snow** in the morning when temperatures are low and the sun hasn’t yet softened the crust.

---

## 6. Final Safety Tips

1. **Never ski alone** – always have at least one partner who knows how to use a beacon.  
2. **Stay on the “Earned Run‑out” principle:** if you ever doubt stability, **turn back**.  
3. **Carry a small **“Avalanche Awareness Card”** in your pocket (one‑page cheat sheet of the 3‑step decision process).  
4. **Monitor weather updates** every 2 hours via a **sat‑phone** or radios (the Sierra has spotty cell, but the NWS broadcasts on VHF 162 MHz).  
5. **Leave a trip‑report** on the SAC website or a local forum (e.g., **SierraWeb**). It helps the community and you’ll get real‑time tips from fellow backcountry travelers.

---

### Happy skiing!  
If you need a more detailed topographic map, a printable route‑sheet, or help planning a multi‑day trip that strings several of these runs together, just let me know—happy to put together a custom itinerary with GPS way‑points and elevation profiles. Stay safe out there!","Mount Tallac summit elevation is 8,735 ft.",VERIFIED_FALSE,"Multiple independent sources list Mount Tallac's summit elevation as about 9,735–9,738 ft, which contradicts the stated 8,735 ft value.",Mount Tallac summit elevation USGS peak elevation 8735 Tahoe Desolation Wilderness,https://www.komoot.com/highlight/602847 (Mount Tallac — Komoot) | https://davidnkeng.wordpress.com/2016/12/10/hiking-mt-tallac-for-the-best-view-of-lake-tahoe/ (Hiking Mt Tallac — blog) | https://www.redawning.com/explore/attraction/mount-tallac (Mount Tallac — RedAwning) | https://www.alltrails.com/trail/us/california/mt-tallac-trail (Mount Tallac Trail — AllTrails)
seedfb_moderate_007,make comparison between apple iphone 14 and samsung s21 ultra,"Below is a side‑by‑side comparison of the **Apple iPhone 14** (released September 2022) and the **Samsung Galaxy S21 Ultra** (released January 2021).  The table highlights the most important specs, design cues, camera capabilities, software experience, ecosystem ties, and real‑world usage considerations so you can see where each flagship excels and where it falls short.

---  

## 1. QUICK LOOK‑AT‑THE‑NUMBERS  

| Category | **iPhone 14** | **Galaxy S21 Ultra** |
|----------|---------------|----------------------|
| **Launch price (base)** | US $799 (128 GB) | US $1,199 (256 GB) |
| **Body** | Aluminum frame, Glass front & back (Ceramic Shield) | Aluminum frame, Glass front & back (Gorilla Glass Victus) |
| **Dimensions** | 146.7 × 71.5 × 7.8 mm | 165.1 × 75.6 × 8.9 mm |
| **Weight** | 172 g | 228 g |
| **Display** | 6.1” Super Retina XDR OLED, 460 ppi, 60 Hz, HDR10, Dolby Vision | 6.8” Dynamic AMOLED 2X, 515 ppi, 120 Hz Adaptive Refresh, HDR10+, 1000 nits (typ.) |
| **Processor** | Apple A15 Bionic (5‑nm) – 6‑core CPU, 5‑core GPU | Snapdragon 888 (US/China) or Exynos 2100 (global) – 8‑core CPU, Adreno 660 / Mali‑G78 GPU |
| **RAM** | 6 GB | 12 GB (8 GB on 128 GB model) |
| **Storage Options** | 128 / 256 / 512 GB (no micro‑SD) | 128 / 256 / 512 GB (micro‑SD up to 1 TB) |
| **Battery** | 3,279 mAh (Apple‑rated ~19 h video playback) | 5,000 mAh (typ. ~22 h video playback) |
| **Charging** | 20 W wired, MagSafe 15 W wireless, Qi 7.5 W | 25 W wired, 15 W wireless, 4.5 W reverse‑wireless |
| **OS** | iOS 16 (upgradeable to iOS 18) | Android 12 (One UI 4.1) – upgradeable to Android 14 (One UI 6) |
| **5G** | Sub‑6 GHz + mmWave (US) | Sub‑6 GHz + mmWave (US) |
| **Water/Dust Rating** | IP68 (max 6 m/30 min) | IP68 (max 1.5 m/30 min) |
| **Biometrics** | Face ID (TrueDepth) | 128‑pixel under‑display ultrasonic fingerprint + Face Recognition (basic) |
| **Key *Unique* Features** | Emergency SOS via satellite, Photonic Engine, Cinematic mode (4 K 30 fps) | 108 MP main sensor, 10× optical telephoto, 100× Space Zoom, S‑Pen support (via optional grip) |

---  

## 2. DESIGN & BUILD  

| Aspect | iPhone 14 | Galaxy S21 Ultra |
|--------|-----------|------------------|
| **Form factor** | Classic “flat‑edge” iPhone look; slightly smaller footprint, one‑hand‑friendly. | Larger “phablet” silhouette; pronounced camera bump, more angular edges. |
| **Materials** | Aerospace‑grade aluminum + Ceramic Shield glass (Apple’s toughest front glass). | Aluminum frame + Gorilla Glass Victus; a bit more prone to fingerprints on the back glass. |
| **Colors** | Midnight, Starlight, (PRODUCT)RED, Blue, Purple. | Phantom Black, Phantom Silver, Phantom Navy, Phantom Brown, Phantom Titanium (2023 refresh). |
| **Ergonomics** | Light (172 g); easier to grip for most users. | Heavier (228 g) and larger; better for media consumption but less pocket‑friendly. |
| **Durability** | Same water/dust rating as S21 Ultra, but the Ceramic Shield is rated higher for drop resistance. | Strong glass but the larger size makes accidental drops more likely. |

**Bottom line:** If you value a compact, lightweight phone you’ll probably prefer the iPhone 14. The S21 Ultra feels like a premium tablet‑sized device meant for “big‑screen” experiences.

---  

## 3. DISPLAY  

| Metric | iPhone 14 | Galaxy S21 Ultra |
|--------|-----------|------------------|
| **Size** | 6.1 in | 6.8 in |
| **Resolution** | 2532 × 1170 (460 ppi) | 3200 × 1440 (515 ppi) |
| **Refresh Rate** | Fixed 60 Hz (Apple kept this on the base iPhone 14) | Adaptive 10–120 Hz (smooth scrolling, gaming) |
| **Brightness** | Up to 800 nits (typical), 1200 nits (HDR) | Up to 1500 nits (typical), 1700 nits (HDR) |
| **Color accuracy** | Wide‑color (P3), True Tone, Dolby Vision. | DCI‑P3 100 % (One UI calibration), HDR10+ support. |
| **Protection** | Ceramic Shield (4× Apple‑tested drop resistance). | Gorilla Glass Victus (best Android glass of its era). |

**Takeaway:** The S21 Ultra wins on sheer size, resolution, and refresh‑rate fluidity – excellent for gaming and video. The iPhone 14’s display is still top‑class, especially for HDR video and color consistency, and it is easier on the eyes in bright sunlight due to the True Tone engine.

---  

## 4. PERFORMANCE  

| Element | iPhone 14 | Galaxy S21 Ultra |
|---------|-----------|------------------|
| **CPU** | Apple A15 Bionic – 6‑core (2 performance + 4 efficiency) – industry‑leading single‑core scores. | Snapdragon 888 (U.S.) / Exynos 2100 (global) – 8‑core (1 × 3.0 GHz + 3 × 2.4 GHz + 4 × 1.8 GHz). |
| **GPU** | 5‑core Apple GPU – Excellent for AR, games, and ProRes video. | Adreno 660 (Snap) or Mali‑G78 (Exynos) – Strong but generally lags behind Apple in benchmarks. |
| **RAM** | 6 GB LPDDR4X (efficient due to iOS memory management) | 12 GB LPDDR5 (more multitasking headroom). |
| **Real‑world speed** | Seamless app launches, quick system updates, excellent thermal throttling. | Very fast, but heavy tasks (e.g., 4K editing) can cause throttling after ~30 min of continuous load. |
| **AI / ML** | 16‑core Neural Engine for on‑device processing (Live Text, Photonic Engine, Portrait mode). | Snapdragon 888’s Hexagon DSP / Exynos NPU – good for camera and Google Lens, but not as integrated. |

**Verdict:** The A15 still outperforms the Snapdragon 888/Exynos 2100 in raw single‑core speed, gaming, and power efficiency. If you want the absolute fastest “out‑of‑the‑box” experience, the iPhone 14 takes the edge. The S21 Ultra’s larger RAM can be handy for heavy multitasking or using many background apps.

---  

## 5. CAMERA SYSTEM  

| Feature | iPhone 14 (Dual‑camera) | Galaxy S21 Ultra (Quad‑camera) |
|---------|------------------------|--------------------------------|
| **Main sensor** | 12 MP (f/1.5) – larger 1.9 µm pixels, Photonic Engine. | 108 MP (f/1.8) – 0.8 µm pixels, pixel‑binning to 12 MP (24 MP mode also available). |
| **Telephoto** | None (no optical zoom). | 10× optical (100 mm eq.) + 3× optical (24 mm eq.). |
| **Ultra‑wide** | 12 MP (f/2.4, 120°) | 12 MP (f/2.2, 120°) |
| **Depth / ToF** | TrueDepth LiDAR (for AR & Night mode portraits). | 3D Time‑of‑Flight sensor (for depth mapping). |
| **Video** | 4K 30 fps (24/30/60 fps on iPhone 14 Pro), Cinematic mode (4K 30 fps), Action mode (2.8 K 60 fps). | 8K 24 fps, 4K 60 fps, Super Steady (OIS + EIS), Director’s View, 1080p 240 fps. |
| **Low‑light** | Night mode on all lenses, Photonic Engine (improved detail). | Night mode on main + ultra‑wide, but 108 MP sensor can introduce noise at extreme ISO. |
| **Zoom quality** | Digital up‑to 5× (via software). | 10× optical + up to 100× “Space Zoom” (digital, best for daylight subjects). |
| **Software perks** | Photographic Styles, Deep Fusion, Smart HDR 4, Apple ProRAW (still 12 MP). | Space Zoom, Single‑Take (multiple clips in one shot), 100‑MP Photo mode, Samsung Focus (portrait). |

**Which camera is *better*?**  
- **Everyday photography** – iPhone 14 offers more natural colour, consistent exposure, and superior video stabilization.  
- **Zoom & ultra‑high‑detail shots** – S21 Ultra’s 10× optical telephoto and 108 MP sensor give it the edge, though results can be soft in low light.  
- **Video creators** – iPhone 14’s Cinematic mode and tight integration with iOS editing tools (iMovie, LumaFusion) make it a solid choice for quick‑turn content. Samsung’s 8K capture is impressive but requires more post‑production work.

---  

## 6. SOFTWARE & ECOSYSTEM  

| Aspect | iPhone 14 | Galaxy S21 Ultra |
|--------|-----------|------------------|
| **OS experience** | iOS 16 (smooth, consistent, minimal bloat). | Android 12/13 with One UI 4.x/5.x (feature‑rich, more customization). |
| **Update cadence** | 5‑year security & iOS updates (until ~2027). | 3‑year OS updates, ~4‑year security patches (Samsung now promises 4‑year OS + 5‑year security for newer models, but S21 Ultra launched before that policy). |
| **App ecosystem** | Apple’s App Store is curated; most high‑quality creative apps (Procreate, LumaFusion, Adobe suite) are optimized for iPhone. | Google Play + Samsung Galaxy Store; many apps, but some creative titles lag behind iOS in performance or features. |
| **Integration** | Seamless with Mac, iPad, Apple Watch, AirPods, iCloud, HomeKit. | Tight with Galaxy Buds, Galaxy Watch, Windows Link (Your Phone), SmartThings, and Samsung DeX (desktop‑like experience). |
| **Unique software features** | Face ID, iMessage/FaceTime, Live Text, SharePlay, Emergency SOS via satellite. | S‑Pen support (optional grip), Knox security, Dual‑Messenger, Bixby Routines, DeX wireless‑to‑monitor mode. |
| **Privacy** | On‑device processing for many AI tasks, minimal data collection by default. | Samsung/Google collect more telemetry; Knox provides hardware‑level security but still relies on Google services. |

**Bottom line:** If you already own other Apple devices, the iPhone 14 gives you a frictionless ecosystem. If you prefer Android flexibility, Samsung’s One UI and DeX make the S21 Ultra a versatile productivity tool.

---  

## 7. BATTERY & CHARGING  

| Metric | iPhone 14 | Galaxy S21 Ultra |
|--------|-----------|------------------|
| **Capacity** | 3,279 mAh | 5,000 mAh |
| **Real‑world endurance** | ~19 h video playback, ~13 h mixed use. | ~22 h video playback, ~16 h mixed use. |
| **Fast‑charge** | 20 W wired → ~50 % in 30 min (Apple’s 20 W brick sold separately). | 25 W wired → ~50 % in ~30 min (Samsung 25 W charger included). |
| **Wireless** | MagSafe 15 W (snap‑to‑magnet) + Qi 7.5 W. | 15 W Qi + 4.5 W reverse‑wireless (can charge accessories). |
| **Battery health tools** | Built‑in iOS battery health (% capacity, optimized charging). | Samsung Battery‑care (adaptive power saving, battery health monitor). |

The S21 Ultra’s larger battery delivers longer screen‑on time, especially when using the 120 Hz mode. The iPhone’s battery life feels adequate for most users, and Apple’s tight hardware‑software integration often squeezes more usage out of a smaller cell.

---  

## 8. PRICING & VALUE (as of Aug 2026)  

| Model | Typical street price (US) – 2026 | Value notes |
|-------|-----------------------------------|-------------|
| **iPhone 14 (128 GB)** | $599 (often on sale; refurbished $449) | Two‑year-old flagship, still receives iOS updates; good for users who want Apple without paying premium for the 14 Pro line. |
| **Galaxy S21 Ultra (256 GB)** | $749 (new old‑stock) or $599 refurbished | Slightly older flagship but still competitively spec‑rich; price lowered heavily after the launch of the S23 series. |

**Cost‑per‑feature perspective**  
- **Display & Refresh Rate:** S21 Ultra offers a higher‑end screen for a comparable price.  
- **Camera versatility:** S21 Ultra’s zoom range adds value for photography enthusiasts.  
- **Software longevity:** iPhone 14 wins – you’ll get OS updates several years longer.  
- **Ecosystem lock‑in:** Consider what accessories you already own.

---  

## 9. WHO SHOULD BUY WHAT?  

| User type | Ideal choice | Why |
|-----------|--------------|-----|
| **Casual selfie/video creator** | **iPhone 14** | Simple UI, excellent video stabilization, Cinematic mode, and reliable long‑term software support. |
| **Power user / mobile photographer who loves zoom** | **Galaxy S21 Ultra** | 108 MP sensor + 10× optical telephoto + 100× Space Zoom + micro‑SD expansion. |
| **Productivity‑focused (DeX, external monitor)** | **Galaxy S21 Ultra** | DeX mode turns the phone into a PC‑like workspace; S‑Pen (optional) for note‑taking. |
| **Existing Apple ecosystem owner** | **iPhone 14** | Seamless hand‑off, iMessage/FaceTime, AirDrop, iCloud sync. |
| **Budget‑conscious buyer who wants a large screen** | **Galaxy S21 Ultra (refurbished)** | Larger display and higher refresh rate at a lower price than current flagship phones. |
| **Privacy‑first consumer** | **iPhone 14** | On‑device processing, stricter app vetting, less data harvesting. |

---  

## 10. QUICK TAKE‑A‑WAY SUMMARY  

- **Performance:** iPhone 14’s A15 Bionic still outpaces the Snapdragon 888/Exynos 2100 in raw speed and efficiency.  
- **Display:** Samsung S21 Ultra wins with a bigger, higher‑resolution, 120 Hz screen.  
- **Camera:** iPhone 14 offers more natural photos and best‑in‑class video; S21 Ultra shines in zoom and high‑resolution stills.  
- **Battery:** S21 Ultra lasts longer on paper, largely because of its 5,000 mAh cell.  
- **Software & Updates:** iPhone 14 gets longer OS support and tighter ecosystem integration. Samsung offers more customization and a “desktop‑mode” but fewer years of major OS updates.  
- **Price (2026):** Both phones have dropped well below launch price; refurbished units give the best value.  

**Overall recommendation:** Choose the **iPhone 14** if you prioritize a compact, universally compatible device with stellar video, longer software updates, and tighter privacy. Opt for the **Galaxy S21 Ultra** if you crave a massive, buttery‑smooth display, versatile zoom photography, and Android’s productivity tricks—especially if you can snag it at a discounted price.  

---  

*All specifications are based on manufacturer data and reputable benchmark sites (GSMArena, DisplayMate, AnandTech). Prices reflect typical US market values as of **August 2026** and may vary with region and condition.*","The launch price (base) of the Galaxy S21 Ultra was US $1,199 for 256 GB.",VERIFIED_FALSE,"Samsung's launch materials and contemporary reviews show the Galaxy S21 Ultra's launch price of $1,199.99 applied to the base 128 GB model; the 256 GB and 512 GB variants carried higher launch prices.",Samsung Galaxy S21 Ultra launch price 256 GB 2021 press release review,"Samsung Newsroom – ""Samsung Galaxy S21 Ultra: The Ultimate Smartphone"" (Jan 14, 2021) https://news.samsung.com/us/samsung-galaxy-s21-ultra-unpacked-2021-ultimate-smartphone-experience-designed-epic | The Verge / contemporary launch coverage (e.g., S21 announcement/review) – launch pricing: S21 $799, S21+ $999, S21 Ultra $1,199 (base 128GB) (Jan 2021)"
seedfb_hard_008,China Major Economic indictors for 2020,"**China – Key Macroeconomic Indicators for 2020**  
*(All figures are rounded to the nearest unit shown; sources are the National Bureau of Statistics of China (NBS), the People’s Bank of China (PBoC), the State Council, the Ministry of Commerce, and major international databases such as the World Bank, IMF and UN.)*

| Indicator | 2020 Value | Unit / Frequency | Notes & Sources |
|-----------|------------|------------------|-----------------|
| **GDP (Nominal)** | **¥101.6 trillion** (≈ US$14.7 trillion) | Annual | 5.0 % year‑on‑year growth; 2020 GDP released by NBS (June 2021). |
| **GDP (Real, constant 2015 prices)** | **¥88.0 trillion** | Annual | Real growth 2.3 % YoY; NBS “2020 National Economic Accounting”. |
| **GDP per capita (Nominal)** | **¥70,300** (≈ US$10,300) | Annual | 2020 population ~1.41 bn; NBS. |
| **GDP Composition by Sector** | **Primary 7.1 %**, **Secondary 39.8 %**, **Tertiary 53.1 %** | Share of total GDP | Shift toward services accelerated in 2020; NBS. |
| **Industrial Production Growth** | **2.8 %** YoY (year‑on‑year) | Monthly & Annual | Slight rebound after Q1 dip; NBS industrial production index. |
| **Fixed‑Asset Investment (FAI)** | **¥56.9 trillion** (≈ 38.0 % YoY growth) | Annual | Strong growth in high‑tech, digital infrastructure; NBS. |
| **Retail Sales of Consumer Goods** | **¥39.2 trillion** (≈ 4.9 % YoY growth) | Annual | Recovery after Q1 slump; NBS. |
| **Urban Unemployment Rate** | **5.6 %** (average 2020) | Monthly average | Spike to 6.2 % in February, fell back mid‑year; NBS. |
| **Total Population** | **1,411.78 million** | End‑year estimate | NBS “2020 China Population Census”. |
| **Exchange Rate (CNY/USD)** | **≈ 6.90 CNY per US$** (average) | Daily average | PBoC daily fixing; IMF. |
| **Consumer Price Index (CPI)** | **2.5 %** YoY | Annual | Core CPI 2.1 %; NBS. |
| **Producer Price Index (PPI)** | **-1.8 %** YoY (deflation) | Annual | Sharp fall in Q1, modest recovery later; NBS. |
| **M2 Money Supply** | **¥218.7 trillion** (≈ 8.3 % YoY growth) | Annual | PBoC. |
| **Interest Rate (1‑yr Shibor)** | **3.35 %** (average) | Daily average | PBoC. |
| **Foreign Exchange Reserves** | **US$3.22 trillion** (down 2.9 % YoY) | End‑year | State Administration of Foreign Exchange (SAFE). |
| **Trade** |  |  |  |
| • Total Exports | **US$2.59 trillion** | Annual | 3.6 % YoY growth; customs data. |
| • Total Imports | **US$2.07 trillion** | Annual | 1.1 % YoY growth; customs data. |
| • Trade Surplus | **US$520 billion** | Annual | NBS. |
| • Top Export Products (by value) | Electronic equipment, machinery, textiles, furniture, vehicles | 2020 | Customs data. |
| • Top Import Sources | South Korea, Japan, United States, Taiwan, Germany | 2020 | Customs data. |
| **Fiscal** |  |  |  |
| • Central‑government Revenue | **¥17.5 trillion** | Annual | 2.8 % YoY decline; Ministry of Finance. |
| • Central‑government Expenditure | **¥20.3 trillion** | Annual | 4.5 % YoY increase; Ministry of Finance. |
| **External Debt** | **US$2.37 trillion** (gross) | End‑2020 | IMF & PBoC. |
| **Internet & Digital Economy** | **Digital‑economy output ≈ ¥35.8 trillion** (≈ 35 % of GDP) | Annual | Ministry of Industry and Information Technology (MIIT) estimate; reflects strong pandemic‑driven digitalisation. |

---

### How the Numbers Fit Together – A Quick Narrative

1. **Growth amid a pandemic** – China’s GDP grew **2.3 % real** in 2020, the only major economy to record positive growth that year. The modest figure masks a **sharp Q1 contraction (−6.8 % YoY)** followed by a rapid rebound driven by **industrial production, infrastructure investment and a surge in online retail**.

2. **Sectoral shift** – The **tertiary sector overtook secondary** for the first time (53.1 % vs 39.8 % of GDP). Services such as e‑commerce, fintech, online education and tele‑health expanded dramatically, cushioning the overall economy.

3. **Investment as the engine** – Fixed‑asset investment **rose 38 % YoY**, the fastest pace in a decade, reflecting:
   - Massive **5G and data‑center rollout**,
   - **New‑energy vehicle** factories,
   - **Urban renewal** and “Belt‑and‑Road” projects that continued despite the pandemic.

4. **Inflation dynamics** – CPI remained modest (**2.5 %**) while **PPI fell into deflation (−1.8 %)**, indicating weak domestic demand for industrial goods but stable consumer prices, partly due to government price‑stabilisation measures.

5. **External sector resilience** – Export growth (**+3.6 %**) was powered by medical supplies, electronics and home‑office equipment, offsetting a **sharp decline in global demand** for other categories. Imports grew modestly, leading to an **expanded trade surplus** of **US$520 bn**.

6. **Monetary stance** – The PBoC kept policy accommodative: **M2 expanded 8.3 %**, the **1‑yr Shibor** stayed near **3.3 %**, and liquidity injections were targeted at small‑and‑medium enterprises (SMEs) and high‑tech firms.

7. **Fiscal response** – Central‑government revenue fell **≈3 %**, but spending rose **≈4.5 %**, financing a mix of **infection control, tax‑relief for firms, and infrastructure stimulus**.

---

### Key Sources (2020‑2021 releases)

| Source | Publication / Data Release | Link (where publicly available) |
|--------|----------------------------|---------------------------------|
| National Bureau of Statistics (NBS) | 2020 National Economic Accounting (annual) | https://data.stats.gov.cn |
| NBS | Monthly Industrial Production, Retail Sales, CPI, PPI | https://www.stats.gov.cn/english/ |
| People’s Bank of China (PBoC) | Monetary Aggregates (M2), Shibor rates | http://www.pbc.gov.cn |
| Ministry of Finance (MoF) | 2020 Fiscal Revenue & Expenditure Report | http://www.mof.gov.cn |
| State Administration of Foreign Exchange (SAFE) | Foreign Exchange Reserves | https://www.safe.gov.cn |
| General Administration of Customs | China Trade Statistics 2020 | http://english.customs.gov.cn |
| Ministry of Industry and Information Technology (MIIT) | Digital Economy Development Report 2020 | https://www.miit.gov.cn |
| International Monetary Fund (IMF) | World Economic Outlook Database, April 2021 | https://www.imf.org |
| World Bank | World Development Indicators (2021) | https://data.worldbank.org |

*(If you need the raw Excel/CSV tables or a deeper dive into any specific series—e.g., quarterly industrial production, provincial breakdowns, or more detailed trade‑partner figures—just let me know and I can pull the specific datasets.)*","China's nominal GDP per capita in 2020 was ¥70,300 (approximately US$10,300).",VERIFIED_FALSE,"The National Bureau of Statistics (NBS) reports China’s per‑capita GDP for 2020 as 72,447 yuan (about US$10,261), which contradicts the proposition of ¥70,300 (~US$10,300).",China nominal GDP per capita 2020 National Bureau of Statistics World Bank IMF 2020 GDP per capita yuan USD | National Bureau of Statistics China GDP per capita 2020 yuan GDP per capita 2020 NBS report 2021,"National Bureau of Statistics of China, Statistical Communiqué of the People's Republic of China on the 2020 National Economic and Social Development (Press release, 28 Feb 2021) - https://www.stats.gov.cn/english/PressRelease/202102/t20210228_1814177.html | State Council Information Office / China Daily reporting (Jan 18, 2021): ""China's GDP tops 100 trillion yuan in 2020"" - http://english.scio.gov.cn/chinavoices/2021-01/18/content_77126814.htm"
seedfb_hard_009,What are the strongest countries in Civilization 5?,"**Civilization V – “Strongest” Nations (2024 perspective)**  

> *“The best civ is the one you can make win.”* – Sid Meier  
> In *Sid Meier’s Civilization V* (and its expansions *Gods & Kings* and *Brave New World*), “strength” depends on the play‑style you prefer (military conquest, cultural domination, scientific supremacy, diplomatic finesse, or a combination).  Below is a ranked guide that reflects the current meta (as of the latest patches and popular competitive play on both PC and console), with explanations of why each civ shines, the key leaders/abilities, and the optimal builds to exploit their strengths.

---

## 1. **Mongolia – Genghis Khan (Gods & Kings)**
| Why it’s strong | Core Ability | Best Victory Path | Synergy Tips |
|---|---|---|---|
| **Unmatched cavalry warfare**; mobile units get +2 Strength and +1 Movement, and any unit that defeats an enemy gains a free promotion. | **Mongol Empire** – +2 Cavalry Strength, +1 Movement; Earn a promotion after each victory. | **Domination** – Fast early conquests and relentless pressure. | • Pair with **Horsemen → Cavalry → Lancers → Tanks** for exponential strength. <br>• Use **Steppe Culture** (Horse‑based cities) to keep production high. <br>• Take the **Tradition** social policy for extra city‑growth early, giving you more horses. |

### Quick Build
```text
Early Game: Scout → Warrior → Horse Archer → Light Cavalry
Mid Game: Upgrade to Cavalry → Upgrade to Lancers (when Iron)
Late Game: Upgrade to Tanks (or Modern Armor) + promotions from each kill
```
*Result:* By Turn 150 you can field a force that out‑damages any other civ’s standard army.

---

## 2. **Germany – Frederick Barbarossa (Gods & Kings) |
| Why it’s strong | Core Ability | Best Victory Path | Synergy Tips |
|---|---|---|---|
| **Industrial powerhouse + strong military**. Extra Production for every *Military* building (Barracks, Armory, Military Academy) and the ability to build **U‑Boats** earlier, plus the unique unit **U‑Boat** (strong naval) and **Pikeman** (early defense). | **Holy Roman Empire** – +2 Production from each Military building. | **Domination** (fast armies) **or** **Science** (extra production fuels research labs). | • Early **Military** buildings → huge production boost → faster wonders & units. <br>• Adopt **Commerce** for gold + research; **Industrial** for factories and power plants. <br>• U‑Boats dominate early naval maps; switch to **Submarines** later. |

### Quick Build
```text
Early: Monument, Barracks, Library → Pikeman → Rifleman → Infantry.
Mid: Build a Factory → Quick production of Tanks/Modern Armor.
Naval: Build a Harbor → U‑Boat → Submarine.
```

---

## 3. **Babylon – Nebuchadnezzar II (Brave New World)**
| Why it’s strong | Core Ability | Best Victory Path | Synergy Tips |
|---|---|---|---|
| **Science‑centric**; receives a free Great Scientist at start of each **Era** and a huge boost to **Science** from **Wonders** that give extra Great Scientist points. | **Ingenuity** – +1 Great Scientist per Era; +10% Science from Wonders. | **Science** – Early Great Scientists accelerate tech tree. | • Build **Science‑focused wonders** (Great Library, National College, Hubble) early. <br>• Use **Rationalism** (2nd tier) → +33% science. <br>• Pair with **Public Transport** (Railroads) for extra Great Scientist points. |

### Quick Build
```text
Early: Library → University → Observatory → Great Library.
Mid: Build a Science City (high population, Campus) → Great Scientist → Research Labs.
```

---

## 4. **America – George Washington (Brave New World)**
| Why it’s strong | Core Ability | Best Victory Path | Synergy Tips |
|---|---|---|---|
| **Flexible, fast‑expanding**; gets a free **Settler** at the start of each **Era**, plus **Pillaging** yields extra **Gold**. The unique unit **B-17** (air unit) is very strong. | **Founding Fathers** – Free Settler each Era; +1 Gold from Pillaging; B‑17 (bombers). | **Domination** (rapid expansion) **or** **Cultural** (extra cities = more culture). | • Expand aggressively early (2–3 cities per Era). <br>• Use **Commerce** for gold → fund more units. <br>• Early **Public Works** (Railroad) to boost movement and trade. |

### Quick Build
```text
Era 1: Settler → 2nd city.
Era 2: Second Settler → 3rd city.
Military: B‑17 → Strategic Bombing of enemy cities.
```

---

## 5. **Korea – Sejong (Brave New World)**
| Why it’s strong | Core Ability | Best Victory Path | Synergy Tips |
|---|---|---|---|
| **Science & Culture powerhouse**; receives a free **Great Scientist** (instead of Great Engineer) each time a **Great Scientist** is earned, stacking. | **Scholars of the Jade Hall** – +1 Great Scientist for each Great Scientist earned; +10% Science from Libraries. | **Science** (fast tech) **or** **Cultural** (extra Great People). | • Build **Research Labs** in every city. <br>• Use **Rationalism** → Great Scientist rate skyrockets. <br>• Switch to **Freedom** for culture if needed. |

### Quick Build
```text
Early: Library → University → Observatory → Academy.
Mid: Build Research Lab in every city → Great Scientist chain.
```

---

## 6. **Egypt – Ramesses II (Gods & Kings)**
| Why it’s strong | Core Ability | Best Victory Path | Synergy Tips |
|---|---|---|---|
| **Wonder‑building**; 50% faster production of **Wonders** and receives a **Free Great Engineer** when building a Wonder. | **Monument Builders** – +50% Wonder production; free Great Engineer per Wonder. | **Cultural** (Wonders give culture) **or** **Science** (Wonders give tech). | • Prioritize **Wonders** that boost **Science** (Hubble, Great Library) or **Culture** (Theatre). <br>• Use **Tradition** for tall empire (more population → faster Wonder building). |

### Quick Build
```text
Early: Monument → Great Library → Great Mosque.
Mid: Build a Campus, then a Wonder (e.g., Hubble) → Free Great Engineer → more campuses.
```

---

## 7. **Kongo – Mbutu Bantu (Gods & Kings)**
| Why it’s strong | Core Ability | Best Victory Path | Synergy Tips |
|---|---|---|---|
| **Great Artist/Writer/Musician** powerhouse—every **Great Person** generated is automatically a **Great Artist/Writer/Musician** and receives a **free Great Person** of a different type. | **Mbanza** – Great Artists/Writers/Musicians are twice as effective; free Great Person of a different type. | **Cultural** – Flood the world with Great Works. | • Focus on **Culture** → **Theatre Square** → **Opera House**, **Broadcast Tower**. <br>• Build **Lumber Mills** for cheap production of culture buildings. <br>• Use **Patronage** policy tree for extra great person points. |

### Quick Build
```text
Early: Monument → Theatre → Museum.
Mid: Build Library → University → Observatory → Great Works.
```

---

## 8. **Poland – Casimir III (Gods & Kings)**
| Why it’s strong | Core Ability | Best Victory Path | Synergy Tips |
|---|---|---|---|
| **Free Social Policy** each time you advance a **Civic**; powerful for rapid policy acquisition. | **Solidarity** – Free Social Policy when adopting a new Civic. | **Any** – especially **Diplomatic** (quickly unlock Freedom/Commerce) and **Science** (Rapid tech+policy synergy). | • Push **Civic** research; you’ll get a policy “for free” each time. <br>• Combine with **Liberty** → many cities quickly. <br>• Use **Commerce** → high gold for maintenance. |

### Quick Build
```text
Early: Monument → Library → Civic Rush (e.g., Feudalism) → free policy.
```

---

## 9. **Aztec – Montezuma (Gods & Kings)**
| Why it’s strong | Core Ability | Best Victory Path | Synergy Tips |
|---|---|---|---|
| **Military production** + **free **Great General** when you conquer a city with a **Warrior**. | **Sacrificial Captives** – +1 Gold per alien‑based population; free Great General after conquest. | **Domination** (cheap early army). | • Use **Warrior** → **Spearman** → **Jaguar** (unique unit) for early aggression. <br>• Pillage for gold → fund more units. |

### Quick Build
```text
Early: Warrior → Spearman → Jaguar → Crossbowman.
```

---

## 10. **Russia – Peter the Great (Brave New World)**
| Why it’s strong | Core Ability | Best Victory Path | Synergy Tips |
|---|---|---|---|
| **Extra Territory** (extra 3 tiles of land when founding a city) and **Great Person** boost later in the game. | **Mother Russia** – +3 tiles when founding; +1 Great Person each time you gain a **Technology** after the Industrial Era. | **Science** (more tiles = more space for campuses) **or** **Cultural** (lots of land = many Wonders). | • Settle on a large map to fully exploit extra land. <br>• Adopt **Rationalism** early; later **Freedom** for culture. <br>• Build **Cultural** wonders (Theatre) to leverage extra tiles. |

### Quick Build
```text
Early: Monument → Library → Campus → Great Library.
```

---

## How to Use This List

| Situation | Recommended Civ(s) | Reason |
|---|---|---|
| **Speed‑run “Domination”** (under 200 turns) | Mongolia, Germany, America, Aztec | Highest early‑game military production and unit strength. |
| **Pure Science Victory** (fastest tech) | Babylon, Korea, Russia | Great Scientist engines + Wonder bonuses. |
| **Cultural Victory on a Small Map** | Kongo, Egypt, Korea | Flood of Great Works + fast Wonder building. |
| **Diplomatic Victory (World Congress)** | Poland, America, Russia | Free policies & large territory → more influence points. |
| **Balanced “Any Victory” Play** | Germany (production + military), Babylon (science + wonders) | Versatile enough for switching strategies mid‑game. |

---

### Quick Reference Table (Rank 1‑10)

| Rank | Civ | Leader | Signature Strength | Ideal Victory |
|------|-----|--------|-------------------|---------------|
| 1 | Mongolia | Genghis Khan | Cavalry + promotions | Domination |
| 2 | Germany | Frederick Barbarossa | Production from military buildings | Domination / Science |
| 3 | Babylon | Nebuchadnezzar II | Great Scientists per Era | Science |
| 4 | America | George Washington | Free Settlers per Era | Domination / Cultural |
| 5 | Korea | Sejong | Great Scientist chain | Science / Cultural |
| 6 | Egypt | Ramesses II | 50% faster Wonders | Cultural / Science |
| 7 | Kongo | Mbutu Bantu | Great Artist/Writer/Musician flood | Cultural |
| 8 | Poland | Casimir III | Free Social Policy per Civic | Any (especially Diplomatic) |
| 9 | Aztec | Montezuma | Early war production + free Great General | Domination |
|10| Russia | Peter the Great | Extra land + post‑Industrial great persons | Science / Cultural |

---

## Final Tips for Mastery

1. **Match Civ to Map Type** – Large maps reward Russia & Egypt, while small, high‑density maps favor Mongolia or Aztec.
2. **Policy Timing** – Use free policies (Poland) or policy boosts (Germany’s production) early to lock in a strong foundation.
3. **Great Person Management** – Civs like Babylon & Korea rely on great scientists; keep an eye on **Great Person Points** and build **Campus/Library** districts early.
4. **Hybrid Strategies** – Don’t be afraid to pivot. A Mongol start can transition to a **Science** finish by swapping to Rationalism once the world is subdued.

> **Bottom line:** The “strongest” civ is the one whose unique abilities dovetail with the victory type you aim for and the map you’re playing. Use the above rankings as a launchpad, then tailor your play‑style to the specific game conditions, and you’ll be leading the empire that stands tallest on the final turn. Happy conquering!",Mongolia's core ability in the answer is named Mongol Empire and gives +2 Cavalry Strength and +1 Movement.,VERIFIED_FALSE,"Authoritative sources for the modern Civilization series show the Mongolian leader ability is called ""Mongol Horde"" and grants +3 Combat Strength to cavalry units (not a ""Mongol Empire"" ability that gives +2 Strength and +1 Movement).",Mongol Empire core ability cavalry strength movement bonus game civilization civ VI leader Mongolia unique ability,https://civilization.fandom.com/wiki/Genghis_Khan_(Civ6) | https://www.christianpost.com/news/civilization-vi-news-learn-more-about-the-features-of-the-mongolian-civ.html
